Date,1-58,1-85,1-322,1-468,1-477,2-10,2-32,2-42,3-026,3-175,3-240,3-324,3-338,4-1,4-10,4-43,5-1,5-19,5-65,5-232,5-257,6-30,6-74,7-35,7-253,8-34,8-106,8-243,8-260,8-268,10-60
2019-01-01 00:00:00,213.97783853296917,252.40651157562488,24,no data,18,368.5659096363795,975.564267923782,1221.8571269698932,127.0,120,734,465.5,2238,641,763,107,358.9587413757156,54,27,139,no data,13,20,30,13.0,24,86,49,241,395,14.0
2019-01-02 00:00:00,204.37067027230523,234.9389329198723,29,no data,36,342.3645416527507,908.3140900991345,1129.2789600944047,280.0,166,646,179,4200,505,650,75,337.9976469888125,122,30,130,no data,30,34,53,14.0,29,81,76,419,844,40.0
2019-01-03 00:00:00,231.44541718872176,267.25395343301454,41,no data,43,391.2737618888579,1034.080656420553,1288.2339258617528,293.0,183,670,493,4252,540,645,40,386.9068672249198,142,44,122,no data,36,43,60,20.0,8,75,76,376,861,35.0
2019-01-04 00:00:00,234.06555398708466,270.74746916416507,52,no data,52,398.26079335115895,1049.8014772107301,1303.9547466519302,323.0,188,683,695.5,4485,583,663,57,391.2737618888579,171,55,142,no data,36,39,57,11.0,36,67,94,515,967,37.0
2019-01-05 00:00:00,254.1532694412001,296.94883714779394,50,no data,40,431.44919279708876,1136.265991556706,1420.9875236454727,295.0,182,768,589,3452,609,719,98,423.58878240200016,97,39,144,no data,21,31,69,10.0,31,78,74,294,792,43.0
2019-01-06 00:00:00,234.06555398708466,270.74746916416507,56,no data,49,398.26079335115895,1049.8014772107301,1303.9547466519302,267.0,178,723,499,2824,527,573,83,391.2737618888579,92,59,156,no data,16,28,36,14.0,38,89,110,333,545,33.0
2019-01-07 00:00:00,227.0785225247836,264.6338166346517,49,no data,39,386.9068672249198,1023.6001092271014,1269.892968273213,251.0,148,615,447.5,4243,395,469,24,381.66659362819394,150,53,144,no data,22,30,49,23.0,30,55,60,397,871,31.0
2019-01-08 00:00:00,213.97783853296917,252.40651157562488,38,no data,56,368.5659096363795,964.2103417975427,1201.7694115157776,245.0,145,830,332.5,4307,441,515,25,358.9587413757156,156,40,139,no data,24,27,72,13.0,17,52,53,363,896,42.0
2019-01-09 00:00:00,204.37067027230523,234.9389329198723,40,no data,36,342.3645416527507,910.9342268974974,1132.7724758255554,256.0,160,691,428,4293,426,524,33,337.9976469888125,139,37,130,no data,20,37,52,8.0,20,56,62,367,878,39.0
2019-01-10 00:00:00,231.44541718872176,267.25395343301454,48,no data,52,391.2737618888579,1034.080656420553,1288.2339258617528,286.0,187,701,391.5,4321,415,538,23,386.9068672249198,151,44,122,no data,23,29,46,26.0,5,47,69,439,931,26.0
2019-01-11 00:00:00,234.06555398708466,270.74746916416507,60,no data,59,398.26079335115895,1049.8014772107301,1303.9547466519302,275.0,165,779,367.5,4642,442,551,67,391.2737618888579,208,51,142,no data,37,52,68,23.0,47,97,83,450,909,35.0
2019-01-12 00:00:00,254.1532694412001,296.94883714779394,36,no data,58,431.44919279708876,1136.265991556706,1420.9875236454727,286.0,136,748,240,3341,523,569,83,423.58878240200016,107,41,144,no data,36,45,65,8.0,25,96,60,271,602,22.0
2019-01-13 00:00:00,234.06555398708466,270.74746916416507,37,no data,50,398.26079335115895,1049.8014772107301,1303.9547466519302,226.0,115,745,261,2705,351,450,85,391.2737618888579,103,48,156,no data,17,34,37,7.0,22,74,50,321,537,19.0
2019-01-14 00:00:00,227.0785225247836,264.6338166346517,42,no data,43,386.9068672249198,1023.6001092271014,1269.892968273213,214.0,157,822,273.5,4187,423,503,47,381.66659362819394,115,31,144,no data,38,42,65,15.0,36,74,72,443,945,28.0
2019-01-15 00:00:00,213.97783853296917,252.40651157562488,58,no data,55,368.5659096363795,964.2103417975427,1201.7694115157776,247.0,158,831,221.5,4471,334,399,27,358.9587413757156,101,35,139,no data,28,36,39,27.0,14,69,72,467,868,28.0
2019-01-16 00:00:00,204.37067027230523,234.9389329198723,39,no data,45,342.3645416527507,910.9342268974974,1132.7724758255554,275.0,160,761,198.5,4272,330,393,31,337.9976469888125,115,42,130,no data,24,35,47,18.0,20,55,59,387,891,27.0
2019-01-17 00:00:00,231.44541718872176,267.25395343301454,46,no data,58,391.2737618888579,1034.080656420553,1288.2339258617528,240.0,155,801,323.5,4435,353,412,17,386.9068672249198,111,41,122,no data,23,30,40,17.0,48,87,78,409,938,24.0
2019-01-18 00:00:00,234.06555398708466,270.74746916416507,66,no data,50,398.26079335115895,1049.8014772107301,1303.9547466519302,267.0,205,731,476.5,4528,345,406,38,391.2737618888579,148,42,142,no data,27,35,61,27.0,39,69,74,474,1016,45.0
2019-01-19 00:00:00,254.1532694412001,296.94883714779394,41,no data,52,431.44919279708876,1136.265991556706,1420.9875236454727,275.0,115,732,444.5,3348,393,450,88,423.58878240200016,106,38,144,no data,19,38,52,18.0,32,91,102,371,662,31.0
2019-01-20 00:00:00,234.06555398708466,270.74746916416507,43,no data,46,398.26079335115895,1049.8014772107301,1303.9547466519302,243.0,167,667,384.5,3016,430,452,93,391.2737618888579,77,34,156,no data,6,17,38,18.0,32,65,63,275,516,36.0
2019-01-21 00:00:00,227.0785225247836,264.6338166346517,49,no data,38,386.9068672249198,1023.6001092271014,1269.892968273213,276.0,141,762,175,4493,416,433,52,381.66659362819394,149,34,144,no data,21,30,46,26.0,24,56,72,422,877,29.0
2019-01-22 00:00:00,213.97783853296917,252.40651157562488,70,no data,46,368.5659096363795,964.2103417975427,1201.7694115157776,278.0,161,831,274,4446,377,401,38,358.9587413757156,150,39,139,no data,31,37,43,18.0,25,61,73,434,912,35.0
2019-01-23 00:00:00,204.37067027230523,234.9389329198723,51,no data,49,342.3645416527507,910.9342268974974,1132.7724758255554,314.0,163,813,246,4455,324,382,33,337.9976469888125,156,32,130,no data,28,35,47,22.0,17,53,53,405,890,44.0
2019-01-24 00:00:00,231.44541718872176,267.25395343301454,64,no data,52,391.2737618888579,1034.080656420553,1288.2339258617528,260.0,180,805,219,4458,398,419,25,386.9068672249198,152,36,122,no data,33,35,51,18.0,40,66,86,456,829,63.0
2019-01-25 00:00:00,234.06555398708466,270.74746916416507,85,no data,62,398.26079335115895,1049.8014772107301,1303.9547466519302,276.0,198,617,189.5,4694,434,462,59,391.2737618888579,167,46,142,no data,30,37,86,23.0,34,88,80,442,940,51.0
2019-01-26 00:00:00,254.1532694412001,296.94883714779394,66,no data,58,431.44919279708876,1136.265991556706,1420.9875236454727,280.0,144,481,251.5,3680,629,620,111,423.58878240200016,77,15,144,no data,21,28,59,17.0,11,71,100,364,661,18.0
2019-01-27 00:00:00,234.06555398708466,270.74746916416507,70,no data,72,398.26079335115895,1049.8014772107301,1303.9547466519302,245.0,153,398,306.5,3116,504,569,136,391.2737618888579,87,34,156,no data,19,27,38,15.0,53,81,92,309,579,26.0
2019-01-28 00:00:00,227.0785225247836,264.6338166346517,80,no data,54,386.9068672249198,1023.6001092271014,1269.892968273213,237.0,130,515,374,4459,382,447,58,381.66659362819394,142,34,144,no data,26,25,68,30.0,29,81,83,452,958,46.0
2019-01-29 00:00:00,213.97783853296917,252.40651157562488,63,no data,44,368.5659096363795,964.2103417975427,1201.7694115157776,260.0,198,606,279,4438,394,499,70,358.9587413757156,132,28,139,no data,21,30,75,40.0,29,83,86,462,933,49.0
2019-01-30 00:00:00,204.37067027230523,234.9389329198723,59,no data,63,342.3645416527507,910.9342268974974,1132.7724758255554,289.0,218,661,267,4486,314,397,80,337.9976469888125,151,40,130,no data,35,31,82,31.0,22,52,75,416,963,0.0
2019-01-31 00:00:00,231.44541718872176,267.25395343301454,85,no data,56,391.2737618888579,1034.080656420553,1288.2339258617528,355.0,227,647,225.5,4758,456,557,104,386.9068672249198,164,50,122,no data,30,42,67,32.0,49,88,125,530,1033,12.0
2019-02-01 00:00:00,293.4553214166434,344.9846784511135,83,no data,63,517.0403282102765,1353.7373458208249,1683.874582414549,241.0,298,674,217.5,4812,469,553,126,507.43315994961256,150,49,182,no data,31,40,58,31.0,24,86,70,495,1033,76.0
2019-02-02 00:00:00,319.6566894002722,372.05942536753,68,no data,50,556.3423801857198,1470.7701228143678,1827.1087273917205,304.0,162,469,216,3554,591,647,230,547.6085908578434,72,18,185,no data,22,30,58,18.0,23,76,78,325,640,50.0
2019-02-03 00:00:00,293.4553214166434,344.9846784511135,44,no data,49,517.0403282102765,1353.7373458208249,1683.874582414549,262.0,197,433,201.5,2938,532,588,195,507.43315994961256,66,25,198,no data,9,17,34,20.0,20,45,45,292,465,41.0
2019-02-04 00:00:00,286.4682899543424,334.5041312576619,63,no data,43,501.31950742009917,1311.8151570470193,1639.33225684238,285.0,195,621,303,4667,601,706,281,493.45909702501046,112,44,185,no data,20,34,36,17.0,3,64,49,440,872,43.0
2019-02-05 00:00:00,272.4942270297404,317.90993153469697,45,no data,38,471.6246237053197,1243.6916002895841,1551.9943635636166,337.0,203,604,426.5,4690,610,754,336,466.384350108594,99,24,180,no data,27,27,54,16.0,55,90,78,419,892,44.0
2019-02-06 00:00:00,259.3935430379259,297.8222160805816,45,no data,56,441.9297399905403,1172.947906733786,1462.9097124192788,300.0,239,723,367,4669,636,749,316,436.68946639381454,96,32,171,no data,15,31,51,26.0,28,88,72,431,925,97.0
2019-02-07 00:00:00,291.70856355106815,339.7444048543877,62,no data,65,507.43315994961256,1335.396388232285,1664.6602458932207,325.0,221,670,395,4627,660,769,335,501.31950742009917,113,33,160,no data,28,33,51,20.0,24,77,82,455,908,31.0
2019-02-08 00:00:00,293.4553214166434,344.9846784511135,69,no data,68,517.0403282102765,1353.7373458208249,1683.874582414549,328.0,235,640,299,4880,724,846,424,507.43315994961256,176,63,182,no data,35,46,75,12.0,9,68,66,460,958,0.0
2019-02-09 00:00:00,319.6566894002722,372.05942536753,45,no data,52,556.3423801857198,1470.7701228143678,1827.1087273917205,339.0,244,595,322.5,3802,721,807,350,547.6085908578434,113,28,185,no data,39,52,52,15.0,38,80,86,360,663,0.0
2019-02-10 00:00:00,293.4553214166434,344.9846784511135,65,no data,62,517.0403282102765,1353.7373458208249,1683.874582414549,389.0,229,507,284,3161,666,756,241,507.43315994961256,125,52,198,no data,19,35,43,22.0,28,96,91,437,621,22.0
2019-02-11 00:00:00,286.4682899543424,334.5041312576619,66,no data,57,501.31950742009917,1311.8151570470193,1639.33225684238,337.0,240,446,392.5,4570,724,878,461,493.45909702501046,135,39,185,no data,27,39,49,18.0,15,81,60,497,972,62.0
2019-02-12 00:00:00,272.4942270297404,317.90993153469697,68,no data,57,471.6246237053197,1243.6916002895841,1551.9943635636166,368.0,266,482,176.5,4755,786,945,511,466.384350108594,144,33,180,no data,33,42,65,21.0,27,62,61,437,892,33.0
2019-02-13 00:00:00,259.3935430379259,297.8222160805816,69,no data,49,441.9297399905403,1172.947906733786,1462.9097124192788,412.0,273,457,266,4716,749,897,484,436.68946639381454,119,38,171,no data,25,43,53,21.0,19,67,54,440,880,2.0
2019-02-14 00:00:00,291.70856355106815,339.7444048543877,73,no data,60,507.43315994961256,1335.396388232285,1664.6602458932207,394.0,301,491,262.5,5009,757,908,496,501.31950742009917,111,42,160,no data,23,35,61,31.0,24,101,76,514,995,21.0
2019-02-15 00:00:00,293.4553214166434,344.9846784511135,86,no data,58,517.0403282102765,1353.7373458208249,1683.874582414549,414.0,310,524,200,4912,837,999,546,507.43315994961256,176,54,182,no data,23,42,61,31.0,16,74,61,502,976,58.0
2019-02-16 00:00:00,319.6566894002722,372.05942536753,44,no data,65,556.3423801857198,1470.7701228143678,1827.1087273917205,407.0,262,410,139,3742,912,1023,499,547.6085908578434,106,25,185,no data,29,54,39,25.0,22,85,76,362,713,25.0
2019-02-17 00:00:00,293.4553214166434,344.9846784511135,70,no data,53,517.0403282102765,1353.7373458208249,1683.874582414549,345.0,262,394,232.5,3285,913,1055,533,507.43315994961256,71,42,198,no data,9,18,40,29.0,37,81,96,355,644,40.0
2019-02-18 00:00:00,286.4682899543424,334.5041312576619,66,no data,52,501.31950742009917,1311.8151570470193,1639.33225684238,377.0,241,385,243.5,4563,778,946,502,493.45909702501046,120,27,185,no data,26,26,50,27.0,36,98,76,526,990,66.0
2019-02-19 00:00:00,272.4942270297404,317.90993153469697,78,no data,55,471.6246237053197,1243.6916002895841,1551.9943635636166,352.0,246,409,334.5,4771,776,958,520,466.384350108594,112,24,180,no data,31,40,57,20.0,23,67,70,423,890,50.0
2019-02-20 00:00:00,259.3935430379259,297.8222160805816,71,no data,50,441.9297399905403,1172.947906733786,1462.9097124192788,350.0,279,467,339,4706,726,879,449,436.68946639381454,123,35,171,no data,23,30,66,19.0,15,56,45,417,944,65.0
2019-02-21 00:00:00,291.70856355106815,339.7444048543877,85,no data,48,507.43315994961256,1335.396388232285,1664.6602458932207,442.0,312,487,332,4748,785,949,534,501.31950742009917,127,39,160,no data,31,37,78,28.0,25,74,69,459,996,35.0
2019-02-22 00:00:00,293.4553214166434,344.9846784511135,104,no data,58,517.0403282102765,1353.7373458208249,1683.874582414549,489.0,353,533,292.5,4713,872,974,486,507.43315994961256,186,54,182,no data,46,45,83,34.0,21,82,92,548,1024,47.0
2019-02-23 00:00:00,319.6566894002722,372.05942536753,59,no data,48,556.3423801857198,1470.7701228143678,1827.1087273917205,410.0,276,413,311,3954,864,1037,566,547.6085908578434,122,57,185,no data,25,28,72,17.0,17,71,65,369,637,44.0
2019-02-24 00:00:00,293.4553214166434,344.9846784511135,52,no data,39,517.0403282102765,1353.7373458208249,1683.874582414549,401.0,296,401,236.5,3264,771,890,503,507.43315994961256,129,56,198,no data,27,33,46,18.0,44,90,83,360,607,38.0
2019-02-25 00:00:00,286.4682899543424,334.5041312576619,55,no data,58,501.31950742009917,1311.8151570470193,1639.33225684238,390.0,262,402,253.5,4429,751,891,552,493.45909702501046,119,37,185,no data,22,36,52,16.0,50,102,92,506,1007,49.0
2019-02-26 00:00:00,272.4942270297404,317.90993153469697,76,no data,59,471.6246237053197,1243.6916002895841,1551.9943635636166,365.0,280,462,253,4813,718,860,472,466.384350108594,125,38,180,no data,26,33,75,34.0,33,86,72,478,951,44.0
2019-02-27 00:00:00,259.3935430379259,297.8222160805816,70,no data,51,441.9297399905403,1172.947906733786,1462.9097124192788,452.0,304,448,300.5,4668,466,525,126,436.68946639381454,160,45,171,no data,50,53,40,26.0,26,73,50,466,951,64.0
2019-02-28 00:00:00,291.70856355106815,339.7444048543877,94,no data,56,507.43315994961256,1335.396388232285,1664.6602458932207,443.0,288,424,317,4839,709,792,302,501.31950742009917,131,34,160,no data,42,44,49,19.0,20,58,63,453,876,50.0
2019-03-01 00:00:00,293.4553214166434,344.9846784511135,92,no data,75,517.0403282102765,1353.7373458208249,1683.874582414549,261.0,321,449,198.5,5073,878,977,531,507.43315994961256,214,70,208,no data,42,55,70,31.0,32,83,87,515,960,59.0
2019-03-02 00:00:00,345.8580573839011,399.13417228394655,61,no data,60,587.7840217660745,1551.9943635636166,1929.294062527873,465.0,275,421,223.5,4038,1004,1144,578,583.4171271021364,192,50,209,no data,42,63,54,11.0,33,119,97,444,680,49.0
2019-03-03 00:00:00,374.6795621658929,441.0563610577528,71,no data,50,641.0601366661199,1682.1278245489739,2099.6029544214603,428.0,349,437,272,3340,995,1119,605,632.3263473382436,154,59,232,no data,26,28,51,24.0,44,94,81,453,636,31.0
2019-03-04 00:00:00,345.8580573839011,399.13417228394655,50,no data,35,587.7840217660745,1551.9943635636166,1929.294062527873,481.0,254,408,293,4701,737,823,352,583.4171271021364,125,31,209,no data,34,38,57,18.0,29,73,62,519,1019,64.0
2019-03-05 00:00:00,337.9976469888125,390.4003829560703,72,no data,64,573.8099588414724,1512.6923115881734,1883.8783580229165,378.0,297,484,288.5,4785,733,839,411,565.9495484463837,106,32,203,no data,25,26,64,29.0,15,61,53,434,846,42.0
2019-03-06 00:00:00,314.41641580354644,371.1860464347424,67,no data,67,542.3683172611177,1428.847934040561,1779.9462650211883,438.0,284,516,340.5,4656,835,1003,531,535.3812857988167,114,33,194,no data,38,49,69,12.0,31,92,82,495,933,43.0
2019-03-07 00:00:00,296.9488371477939,350.2249520478393,83,no data,95,513.546812479126,1343.2567986273737,1674.267414153885,404.0,322,488,292,4778,899,1053,581,505.6864020840374,127,41,184,no data,30,43,63,20.0,31,77,73,448,879,38.0
2019-03-08 00:00:00,341.49116271996303,394.7672776200084,106,no data,100,583.4171271021364,1528.4131323783513,1908.3329681409696,457.0,339,522,306,4856,936,1092,568,572.9365799086847,146,58,208,no data,30,37,98,20.0,30,79,95,539,1046,70.0
2019-03-09 00:00:00,345.8580573839011,399.13417228394655,72,no data,101,587.7840217660745,1551.9943635636166,1929.294062527873,479.0,287,426,278.5,3965,988,1129,627,583.4171271021364,126,36,209,no data,29,43,64,22.0,27,63,68,400,662,54.0
2019-03-10 00:00:00,374.6795621658929,441.0563610577528,89,no data,67,641.0601366661199,1682.1278245489739,2099.6029544214603,400.0,309,439,199,3414,1063,1228,617,632.3263473382436,134,65,232,no data,13,29,45,21.0,44,70,80,395,564,53.0
2019-03-11 00:00:00,345.8580573839011,399.13417228394655,112,no data,69,587.7840217660745,1551.9943635636166,1929.294062527873,440.0,271,427,164.5,4636,886,1042,569,583.4171271021364,127,45,209,no data,29,41,74,31.0,18,58,51,540,1000,30.0
2019-03-12 00:00:00,337.9976469888125,390.4003829560703,68,no data,79,573.8099588414724,1512.6923115881734,1883.8783580229165,381.0,280,458,203,4692,768,924,522,565.9495484463837,128,52,203,no data,33,31,60,19.0,34,76,62,455,837,45.0
2019-03-13 00:00:00,314.41641580354644,371.1860464347424,87,no data,86,542.3683172611177,1428.847934040561,1779.9462650211883,458.0,291,468,284.5,4922,836,975,559,535.3812857988167,131,50,194,no data,31,39,63,20.0,35,90,83,445,876,55.0
2019-03-14 00:00:00,296.9488371477939,350.2249520478393,91,no data,87,513.546812479126,1343.2567986273737,1674.267414153885,472.0,326,447,376.5,4883,790,940,477,505.6864020840374,133,48,184,no data,40,44,61,21.0,14,70,73,447,952,62.0
2019-03-15 00:00:00,341.49116271996303,394.7672776200084,101,no data,96,583.4171271021364,1528.4131323783513,1908.3329681409696,481.0,330,486,440.5,4808,843,987,505,572.9365799086847,175,61,208,no data,48,45,91,29.0,32,97,107,539,1043,67.0
2019-03-16 00:00:00,345.8580573839011,399.13417228394655,89,no data,74,587.7840217660745,1551.9943635636166,1929.294062527873,465.0,306,498,413.5,3954,1206,1236,547,583.4171271021364,106,42,209,no data,18,25,57,34.0,30,81,94,396,692,74.0
2019-03-17 00:00:00,374.6795621658929,441.0563610577528,89,no data,71,641.0601366661199,1682.1278245489739,2099.6029544214603,394.0,327,453,423.5,3286,1018,1135,566,632.3263473382436,109,45,232,no data,13,31,47,33.0,50,73,54,397,599,44.0
2019-03-18 00:00:00,345.8580573839011,399.13417228394655,114,no data,83,587.7840217660745,1551.9943635636166,1929.294062527873,383.0,301,670,459.5,4506,661,761,321,583.4171271021364,135,40,209,no data,30,44,56,34.0,37,84,84,492,947,67.0
2019-03-19 00:00:00,337.9976469888125,390.4003829560703,75,no data,91,573.8099588414724,1512.6923115881734,1883.8783580229165,451.0,287,708,575,4777,652,705,254,565.9495484463837,110,32,203,no data,20,38,63,21.0,31,84,72,452,919,51.0
2019-03-20 00:00:00,314.41641580354644,371.1860464347424,89,no data,62,542.3683172611177,1428.847934040561,1779.9462650211883,454.0,336,694,836.5,4836,728,780,227,535.3812857988167,135,36,194,no data,31,36,93,30.0,52,102,84,558,997,87.0
2019-03-21 00:00:00,296.9488371477939,350.2249520478393,73,no data,39,513.546812479126,1343.2567986273737,1674.267414153885,425.0,290,689,602.5,4648,552,594,63,505.6864020840374,133,48,184,no data,40,44,74,45.0,45,85,64,446,861,34.0
2019-03-22 00:00:00,341.49116271996303,394.7672776200084,83,no data,40,583.4171271021364,1528.4131323783513,1908.3329681409696,405.0,273,580,553.5,4716,686,721,113,572.9365799086847,104,110,208,no data,95,118,108,24.0,42,93,72,568,1043,94.0
2019-03-23 00:00:00,345.8580573839011,399.13417228394655,55,no data,58,587.7840217660745,1551.9943635636166,1929.294062527873,384.0,192,566,526,3695,1204,1330,609,583.4171271021364,21,21,209,no data,17,21,53,16.0,43,102,117,467,783,64.0
2019-03-24 00:00:00,374.6795621658929,441.0563610577528,75,no data,46,641.0601366661199,1682.1278245489739,2099.6029544214603,349.0,241,511,617.5,3403,897,1017,467,632.3263473382436,9,12,232,no data,13,15,53,27.0,42,103,81,427,1696,49.0
2019-03-25 00:00:00,345.8580573839011,399.13417228394655,74,no data,36,587.7840217660745,1551.9943635636166,1929.294062527873,376.0,261,654,553,4563,672,792,329,583.4171271021364,76,96,209,no data,78,97,71,21.0,60,90,68,480,990,46.0
2019-03-26 00:00:00,337.9976469888125,390.4003829560703,46,no data,55,573.8099588414724,1512.6923115881734,1883.8783580229165,419.0,274,767,601.5,4673,581,619,152,565.9495484463837,38,52,203,no data,47,53,92,23.0,75,100,92,509,1064,53.0
2019-03-27 00:00:00,314.41641580354644,371.1860464347424,38,no data,46,542.3683172611177,1428.847934040561,1779.9462650211883,426.0,238,655,511.5,4684,602,649,189,535.3812857988167,17,32,194,no data,26,36,68,18.0,28,83,73,510,907,60.0
2019-03-28 00:00:00,296.9488371477939,350.2249520478393,42,no data,31,513.546812479126,1343.2567986273737,1674.267414153885,362.0,209,681,495,4706,563,591,119,505.6864020840374,9,12,184,no data,8,13,69,14.0,37,87,95,635,942,57.0
2019-03-29 00:00:00,341.49116271996303,394.7672776200084,38,no data,41,583.4171271021364,1528.4131323783513,1908.3329681409696,337.0,250,708,530,4935,632,696,129,572.9365799086847,37,49,208,no data,38,46,80,20.0,28,130,99,803,1076,81.0
2019-03-30 00:00:00,345.8580573839011,399.13417228394655,27,no data,61,587.7840217660745,1551.9943635636166,1929.294062527873,404.0,187,492,478.5,3964,743,781,166,583.4171271021364,5,4,209,no data,6,7,42,2.0,33,156,123,999,896,51.0
2019-03-31 00:00:00,374.6795621658929,441.0563610577528,26,no data,30,641.0601366661199,1682.1278245489739,2099.6029544214603,319.0,189,506,471.5,3373,637,686,171,632.3263473382436,151,116,232,no data,13,15,49,11.0,34,171,130,1311,698,2.0
2019-04-01 00:00:00,345.8580573839011,399.13417228394655,28,no data,25,587.7840217660745,1551.9943635636166,1929.294062527873,349.0,202,620,510.5,4747,418,488,66,583.4171271021364,170,152,200,no data,78,97,60,14.0,49,87,71,1595,1068,27.0
2019-04-02 00:00:00,323.1502051314228,374.6795621658929,30,no data,33,547.6085908578434,1445.4421337635265,1797.413843676941,339.0,212,645,852,4586,416,446,49,538.8748015299673,42,46,197,no data,41,48,57,20.0,29,78,68,1574,988,47.0
2019-04-03 00:00:00,301.31573181173206,354.5918467117774,30,no data,49,518.7870860758517,1365.964650879852,1696.101887473576,300.0,185,703,918.5,4381,467,503,54,513.546812479126,65,55,187,no data,61,64,39,16.0,34,99,79,1738,994,39.0
2019-04-04 00:00:00,285.59491102155476,336.25088912323724,31,no data,36,489.96558129386,1278.6267576010891,1601.7769627325122,321.0,181,644,801,4617,438,502,42,486.4720655627095,41,31,176,no data,32,35,68,13.0,29,75,57,1565,971,63.0
2019-04-05 00:00:00,324.896962996998,379.9198357626186,38,no data,62,554.5956223201445,1464.656470284854,1820.1216959294193,323.0,189,672,652.5,4795,561,618,50,547.6085908578434,46,55,197,no data,52,60,79,21.0,27,107,89,1668,1133,54.0
2019-04-06 00:00:00,328.39047872814854,382.53997256098154,29,no data,41,559.8358959168704,1484.7441857389695,1848.9432007114108,244.0,168,514,806,3673,795,890,120,554.5956223201445,10,10,200,no data,9,5,65,10.0,23,112,98,1615,837,61.0
2019-04-07 00:00:00,358.9587413757156,413.1082352085486,32,no data,43,610.491874018553,1606.1438573964501,1998.2909982180959,338.0,150,494,912,3095,674,587,96,603.5048425562518,8,9,221,no data,8,7,43,20.0,44,112,91,1326,796,39.0
2019-04-08 00:00:00,328.39047872814854,382.53997256098154,20,no data,39,559.8358959168704,1484.7441857389695,1848.9432007114108,321.0,149,641,905.5,4429,363,428,45,554.5956223201445,264,152,200,no data,78,97,77,13.0,36,92,89,1230,908,37.0
2019-04-09 00:00:00,323.1502051314228,374.6795621658929,34,no data,54,547.6085908578434,1445.4421337635265,1789.5534332818524,404.0,152,647,683,4732,415,484,58,538.8748015299673,81,89,197,no data,70,78,74,13.0,29,105,87,1202,931,37.0
2019-04-10 00:00:00,301.31573181173206,354.5918467117774,23,no data,34,518.7870860758517,1365.964650879852,1365.964650879852,304.0,149,606,647,4660,511,558,60,513.546812479126,51,69,187,no data,55,69,80,11.0,42,89,74,1047,922,46.0
2019-04-11 00:00:00,285.59491102155476,336.25088912323724,20,no data,32,343.2379205855383,no data,381.66659362819394,404.0,165,593,486,4765,581,648,44,486.4720655627095,57,73,176,no data,75,65,86,10.0,46,100,83,1259,901,47.0
2019-04-12 00:00:00,324.896962996998,379.9198357626186,34,no data,35,379.9198357626186,no data,379.9198357626186,360.0,181,583,652.5,4962,729,818,56,547.6085908578434,107,107,197,no data,92,96,90,13.0,15,143,89,1291,1122,6.0
2019-04-13 00:00:00,328.39047872814854,382.53997256098154,14,no data,63,382.53997256098154,no data,382.53997256098154,324.0,144,360,806,3920,744,835,129,554.5956223201445,51,43,200,no data,63,37,52,11.0,33,153,94,1182,700,42.0
2019-04-14 00:00:00,358.9587413757156,413.1082352085486,16,no data,44,413.1082352085486,no data,413.1082352085486,314.0,160,408,324,2726,475,561,51,603.5048425562518,2,3,221,no data,2,4,48,6.0,38,213,118,1195,610,36.0
2019-04-15 00:00:00,no data,no data,21,no data,30,no data,no data,no data,348.0,125,552,589.5,4399,520,624,50,no data,no data,no data,200,no data,no data,no data,94,16.0,29,141,79,1119,1099,67.0
2019-04-16 00:00:00,no data,no data,19,no data,38,no data,no data,no data,414.0,133,580,506,5120,512,658,36,no data,no data,no data,197,no data,no data,no data,62,18.0,20,145,71,886,962,48.0
2019-04-17 00:00:00,no data,no data,40,no data,39,no data,no data,no data,503.0,182,623,727.5,3210,506,551,30,no data,no data,no data,187,no data,no data,no data,83,10.0,19,71,61,1099,1071,54.0
2019-04-18 00:00:00,no data,no data,48,no data,53,no data,no data,no data,539.0,286,687,815,4974,609,759,52,no data,no data,no data,176,no data,no data,no data,112,21.0,32,178,93,1041,1127,75.0
2019-04-19 00:00:00,no data,no data,19,no data,53,no data,no data,no data,377.0,227,418,577,3345,648,745,94,no data,no data,no data,197,no data,no data,no data,73,16.0,28,71,65,1002,670,44.0
2019-04-20 00:00:00,no data,no data,14,no data,51,no data,no data,no data,404.0,123,350,752,3611,737,931,183,no data,no data,no data,200,no data,no data,no data,67,5.0,26,108,73,862,599,31.0
2019-04-21 00:00:00,no data,no data,23,no data,33,no data,no data,no data,521.0,167,404,548,2959,765,891,147,no data,no data,no data,221,no data,no data,no data,59,3.0,45,87,70,976,513,40.0
2019-04-22 00:00:00,no data,no data,33,no data,47,no data,no data,no data,432.0,247,483,595,3798,783,922,178,no data,no data,no data,200,no data,no data,no data,115,22.0,49,109,80,980,778,46.0
2019-04-23 00:00:00,no data,no data,20,no data,46,no data,no data,no data,353.0,161,574,589.5,4934,515,639,33,no data,no data,no data,197,no data,no data,no data,79,22.0,13,101,77,813,1049,4.0
2019-04-24 00:00:00,no data,no data,24,no data,30,no data,no data,no data,353.0,138,566,800,4386,451,604,24,no data,no data,no data,187,no data,no data,no data,102,13.0,21,115,70,1099,971,40.0
2019-04-25 00:00:00,no data,no data,17,no data,37,no data,no data,no data,456.0,169,592,492,4611,501,616,16,no data,no data,no data,176,no data,no data,no data,111,14.0,22,91,79,1041,1034,53.0
2019-04-26 00:00:00,no data,no data,25,no data,47,no data,no data,no data,402.0,184,593,848,4932,603,707,51,no data,no data,no data,197,no data,no data,no data,116,18.0,33,113,96,1002,1150,132.0
2019-04-27 00:00:00,no data,no data,16,no data,48,no data,no data,no data,380.0,165,431,908,3999,718,839,78,no data,no data,no data,200,no data,no data,no data,56,5.0,30,133,104,862,731,87.0
2019-04-28 00:00:00,no data,no data,18,no data,47,no data,no data,no data,382.0,205,455,722,3430,659,761,84,no data,no data,no data,221,no data,no data,no data,52,6.0,28,120,85,923,657,87.0
2019-04-29 00:00:00,no data,no data,29,no data,35,no data,no data,no data,407.0,165,569,751,4701,564,680,157,no data,no data,no data,200,no data,no data,no data,79,16.0,25,115,80,1139,1048,101.0
2019-04-30 00:00:00,no data,no data,15,no data,21,no data,no data,no data,268.0,136,562,740,4783,545,692,38,no data,no data,no data,197,no data,no data,no data,104,29.0,33,99,46,1130,1031,92.0
2019-05-01 00:00:00,no data,no data,11,no data,24,no data,no data,no data,409.0,137,703,620,4881,555,694,37,no data,no data,no data,241,no data,no data,no data,76,13.0,21,47,34,994,937,56.0
2019-05-02 00:00:00,no data,no data,12,no data,26,no data,no data,no data,409.0,144,602,593,4848,567,670,27,no data,no data,no data,226,no data,no data,no data,69,12.0,5,23,29,1101,1011,47.0
2019-05-03 00:00:00,no data,no data,30,no data,23,no data,no data,no data,401.0,167,637,673,4993,644,752,60,no data,no data,no data,256,no data,no data,no data,91,9.0,20,30,35,1270,1032,61.0
2019-05-04 00:00:00,no data,no data,17,no data,45,no data,no data,no data,392.0,147,428,945,4010,711,815,72,no data,no data,no data,257,no data,no data,no data,90,4.0,22,41,39,730,664,50.0
2019-05-05 00:00:00,no data,no data,12,no data,42,no data,no data,no data,332.0,146,451,565,3320,689,796,168,no data,no data,no data,284,no data,no data,no data,45,5.0,8,33,55,766,642,37.0
2019-05-06 00:00:00,no data,no data,19,no data,37,no data,no data,no data,362.0,151,668,1087,4689,538,661,25,no data,no data,no data,257,no data,no data,no data,59,13.0,6,15,32,857,1053,44.0
2019-05-07 00:00:00,no data,no data,21,no data,29,no data,no data,no data,350.0,163,686,930,4818,562,635,52,no data,no data,no data,255,no data,no data,no data,62,14.0,7,23,35,810,1008,14.0
2019-05-08 00:00:00,no data,no data,31,no data,38,no data,no data,no data,396.0,141,636,743,4802,595,695,52,no data,no data,no data,241,no data,no data,no data,91,6.0,8,26,37,876,958,40.0
2019-05-09 00:00:00,no data,no data,22,no data,36,no data,no data,no data,407.0,171,647,593,4893,581,706,40,no data,no data,no data,226,no data,no data,no data,80,10.0,16,30,29,1101,963,37.0
2019-05-10 00:00:00,no data,no data,25,no data,37,no data,no data,no data,456.0,204,745,673,5167,719,844,49,no data,no data,no data,256,no data,no data,no data,87,10.0,12,30,66,1270,1143,54.0
2019-05-11 00:00:00,no data,no data,21,no data,41,no data,no data,no data,472.0,144,486,945,4134,697,773,134,no data,no data,no data,257,no data,no data,no data,87,10.0,14,33,50,505,676,54.0
2019-05-12 00:00:00,no data,no data,15,no data,54,no data,no data,no data,384.0,156,534,565,3147,600,698,101,no data,no data,no data,284,no data,no data,no data,50,5.0,11,36,82,559,677,40.0
2019-05-13 00:00:00,no data,no data,29,no data,36,no data,no data,no data,344.0,142,620,571,4875,607,732,51,no data,no data,no data,257,no data,no data,no data,85,11.0,16,40,59,567,1143,44.0
2019-05-14 00:00:00,no data,no data,25,no data,44,no data,no data,no data,398.0,149,604,700,4699,575,658,40,no data,no data,no data,255,no data,no data,no data,127,14.0,17,29,50,523,1057,34.0
2019-05-15 00:00:00,no data,no data,39,no data,30,no data,no data,no data,442.0,159,670,643,4921,604,721,79,no data,no data,no data,241,no data,no data,no data,102,14.0,13,69,81,562,1192,32.0
2019-05-16 00:00:00,no data,no data,50,no data,39,no data,no data,no data,447.0,201,666,762,4923,686,780,97,no data,no data,no data,226,no data,no data,no data,83,18.0,8,38,68,671,1192,34.0
2019-05-17 00:00:00,no data,no data,94,no data,47,no data,no data,no data,535.0,350,881,759,5075,802,988,129,no data,no data,no data,256,no data,no data,no data,49,31.0,13,28,144,761,1266,64.0
2019-05-18 00:00:00,no data,no data,58,no data,42,no data,no data,no data,633.0,184,496,635,4358,989,1195,329,no data,no data,no data,257,no data,no data,no data,0,0.0,5,36,156,511,839,88.0
2019-05-19 00:00:00,no data,no data,49,no data,33,no data,no data,no data,477.0,148,475,460,3382,984,1109,349,no data,no data,no data,284,no data,no data,no data,3,3.0,5,34,118,445,624,48.0
2019-05-20 00:00:00,no data,no data,84,no data,48,no data,no data,no data,580.0,271,585,644,3664,885,1022,282,no data,no data,no data,257,no data,no data,no data,0,0.0,8,31,115,480,785,69.0
2019-05-21 00:00:00,no data,no data,52,no data,18,no data,no data,no data,416.0,148,674,585,5060,597,777,54,no data,no data,no data,255,no data,no data,no data,67,67.0,5,40,53,603,no data,44.0
2019-05-22 00:00:00,no data,no data,22,no data,54,no data,no data,no data,368.0,133,639,553,5091,608,761,45,no data,no data,no data,241,no data,no data,no data,17,22.0,9,32,61,446,no data,44.0
2019-05-23 00:00:00,no data,no data,25,no data,44,no data,no data,no data,439.0,158,925,630,4990,650,823,66,no data,no data,no data,226,no data,no data,no data,15,32.0,6,39,83,463,no data,30.0
2019-05-24 00:00:00,no data,no data,21,no data,52,no data,no data,no data,492.0,159,730,828,5234,784,941,110,no data,no data,no data,256,no data,no data,no data,7,32.44,6,45,59,510,no data,60.0
2019-05-25 00:00:00,no data,no data,15,no data,41,no data,no data,no data,384.0,149,464,762,4317,870,1047,170,no data,no data,no data,257,no data,no data,no data,0,69.36000000000001,6,53,48,331,no data,39.0
2019-05-26 00:00:00,no data,no data,29,no data,34,no data,no data,no data,362.0,157,499,604,3495,824,987,230,no data,no data,no data,284,no data,no data,no data,1,75.48,28,50,77,370,no data,31.0
2019-05-27 00:00:00,no data,no data,25,no data,48,no data,no data,no data,353.0,140,619,522,4926,632,786,72,no data,no data,no data,257,no data,no data,no data,90,69.36000000000001,11,30,49,515,no data,44.0
2019-05-28 00:00:00,no data,no data,39,no data,18,no data,no data,no data,335.0,173,646,539,5005,723,873,68,no data,no data,no data,255,no data,no data,no data,88,69.36000000000001,7,52,36,469,no data,57.0
2019-05-29 00:00:00,no data,no data,50,no data,54,no data,no data,no data,397.0,106,596,583,4717,605,777,44,no data,no data,no data,no data,no data,no data,no data,no data,67.32000000000001,9,59,81,485,no data,28.0
2019-05-30 00:00:00,no data,no data,94,no data,44,no data,no data,no data,310.0,133,588,647,4987,611,792,49,no data,no data,no data,no data,no data,no data,no data,no data,64.25999999999999,15,87,114,492,no data,45.0
2019-05-31 00:00:00,no data,no data,58,no data,52,no data,no data,no data,458.0,233,741,873,5567,863,1032,133,no data,no data,no data,no data,no data,no data,no data,no data,69.36000000000001,26,175,125,513,no data,53.0
2019-06-01 00:00:00,no data,no data,49,no data,66,no data,no data,no data,302.0,187,527,767,4242,915,1136,163,no data,no data,no data,no data,no data,no data,no data,127,69.36000000000001,26,171,104,440,no data,63.0
2019-06-02 00:00:00,no data,no data,84,no data,52,no data,no data,no data,386.0,193,531,530,3305,607,785,153,no data,no data,no data,no data,no data,no data,no data,76,81.6,33,235,124,424,no data,44.0
2019-06-03 00:00:00,no data,no data,65,no data,51,no data,no data,no data,442.0,153,682,570,4736,547,698,71,no data,no data,no data,no data,no data,no data,no data,90,79.55999999999999,42,222,109,607,no data,59.0
2019-06-04 00:00:00,no data,no data,59,no data,91,no data,no data,no data,361.0,153,667,655,5087,588,714,59,no data,no data,no data,no data,no data,no data,no data,88,76.5,40,243,110,653,no data,97.0
2019-06-05 00:00:00,no data,no data,75,no data,59,no data,no data,no data,502.0,281,756,603,4938,670,783,75,no data,no data,no data,no data,no data,no data,no data,126,72.42000000000002,44,202,115,650,no data,75.0
2019-06-06 00:00:00,no data,no data,60,no data,130,no data,no data,no data,408.0,176,610,598,4767,596,665,44,no data,no data,no data,no data,no data,no data,no data,101,69.36000000000001,71,184,104,no data,no data,76.0
2019-06-07 00:00:00,no data,no data,64,no data,52,no data,no data,no data,582.0,287,802,867,5210,744,872,117,no data,no data,no data,no data,no data,no data,no data,98,79.55999999999999,48,211,136,no data,no data,100.0
2019-06-08 00:00:00,no data,no data,39,no data,32,no data,no data,no data,457.0,172,484,931,4550,954,1055,214,no data,no data,no data,no data,no data,no data,no data,88,79.55999999999999,80,206,129,no data,no data,53.0
2019-06-09 00:00:00,no data,no data,44,no data,43,no data,no data,no data,467.0,189,726,516,3572,840,972,232,no data,no data,no data,no data,no data,no data,no data,72,81.6,59,169,105,no data,no data,61.0
2019-06-10 00:00:00,no data,no data,66,no data,27,no data,no data,no data,440.0,156,668,520,5006,683,772,86,no data,no data,no data,no data,no data,no data,no data,91,79.55999999999999,54,209,145,no data,no data,57.0
2019-06-11 00:00:00,no data,no data,53,no data,43,no data,no data,no data,377.0,136,642,490,5142,772,858,89,no data,no data,no data,no data,440,no data,no data,85,76.5,54,179,107,no data,no data,66.0
2019-06-12 00:00:00,no data,no data,57,no data,43,no data,no data,no data,320.0,142,662,544,4980,747,853,103,no data,no data,no data,no data,383,no data,no data,68,72.42000000000002,no data,no data,no data,no data,no data,67.0
2019-06-13 00:00:00,no data,no data,61,no data,32,no data,no data,no data,454.0,158,637,520,5155,728,885,93,no data,no data,no data,no data,427,no data,no data,87,69.36000000000001,no data,no data,no data,no data,no data,54.0
2019-06-14 00:00:00,no data,no data,177,no data,45,no data,no data,no data,472.0,210,692,647,5665,1222,1238,229,no data,no data,no data,no data,433,no data,no data,130,79.55999999999999,no data,no data,no data,no data,no data,99.0
2019-06-15 00:00:00,no data,no data,87,no data,57,no data,no data,no data,468.0,154,522,586,4686,1273,1368,298,no data,no data,no data,no data,434,no data,no data,102,79.55999999999999,no data,no data,no data,no data,no data,67.0
2019-06-16 00:00:00,no data,no data,61,no data,42,no data,no data,no data,439.0,181,493,548,3713,1115,1272,379,no data,no data,no data,no data,354,no data,no data,65,81.6,no data,no data,no data,no data,no data,64.0
2019-06-17 00:00:00,no data,no data,no data,no data,33,no data,no data,no data,444.0,181,661,557,5076,961,881,116,no data,no data,no data,no data,330,no data,no data,194,79.55999999999999,no data,no data,no data,no data,no data,80.0
2019-06-18 00:00:00,no data,no data,no data,no data,38,no data,no data,no data,401.0,185,674,562,5269,848,883,90,no data,no data,no data,no data,492,no data,no data,79,76.5,no data,no data,no data,no data,no data,58.0
2019-06-19 00:00:00,no data,no data,no data,no data,35,no data,no data,no data,407.0,183,681,572,5352,952,987,117,no data,no data,no data,no data,433,no data,no data,86,72.42000000000002,no data,no data,no data,no data,no data,52.0
2019-06-20 00:00:00,no data,no data,no data,no data,52,no data,no data,no data,447.0,240,768,765,6294,1125,1231,156,no data,no data,no data,no data,507,no data,no data,113,69.36000000000001,no data,no data,no data,no data,no data,48.0
2019-06-21 00:00:00,no data,no data,no data,no data,53,no data,no data,no data,495.0,211,584,620,4847,1490,1420,341,no data,no data,no data,no data,365,no data,no data,102,79.55999999999999,92,127,no data,no data,no data,15.0
2019-06-22 00:00:00,no data,no data,no data,no data,28,no data,no data,no data,378.0,174,458,696,4740,1168,1390,335,no data,no data,no data,no data,432,no data,no data,79,79.55999999999999,103,160,no data,no data,no data,43.0
2019-06-23 00:00:00,no data,no data,no data,no data,41,no data,no data,no data,455.0,242,708,608,3927,1100,1300,313,no data,no data,no data,no data,316,no data,no data,71,81.6,88,137,no data,no data,no data,20.0
2019-06-24 00:00:00,no data,no data,no data,no data,82,no data,no data,no data,431.0,189,671,537,5312,730,900,104,no data,no data,no data,no data,423,no data,no data,124,79.55999999999999,73,141,no data,no data,no data,8.0
2019-06-25 00:00:00,no data,no data,no data,no data,71,no data,no data,no data,413.0,193,669,562,5361,785,906,113,no data,no data,no data,no data,489,no data,no data,113,76.5,56,108,149.61632653061227,1392,no data,47.0
2019-06-26 00:00:00,no data,no data,no data,no data,52,no data,no data,no data,398.0,198,653,599,5361,759,916,101,no data,no data,no data,no data,439,no data,no data,116,72.42000000000002,69,125,115.00680272108843,1070,no data,72.0
2019-06-27 00:00:00,no data,no data,no data,no data,88,no data,no data,no data,436.0,188,661,592,5530,774,901,124,no data,no data,no data,no data,407,no data,no data,86,69.36000000000001,38,111,129.087074829932,1201,no data,27.0
2019-06-28 00:00:00,no data,no data,no data,no data,75,no data,no data,no data,520.0,293,721,714,5869,1059,1260,302,no data,no data,no data,no data,487,no data,no data,119,79.55999999999999,58,128,140.69523809523815,1309,no data,19.0
2019-06-29 00:00:00,no data,no data,no data,no data,65,no data,no data,no data,589.0,243,541,661,4463,1190,1392,427,no data,no data,no data,no data,405,no data,no data,111,79.55999999999999,56,245,120.81088435374149,1124,no data,55.0
2019-06-30 00:00:00,no data,no data,no data,no data,74,no data,no data,no data,455.0,218,515,510,3490,984,1282,427,no data,no data,no data,no data,340,no data,no data,67,81.6,87,235,52.98911564625851,493,no data,66.0
2019-07-01 00:00:00,no data,no data,no data,no data,80,no data,no data,no data,286.0,201,458,469,3153,620,799,172,no data,no data,no data,no data,323,no data,no data,55,79.55999999999999,67,102,32.56734693877551,303,no data,52.0
2019-07-02 00:00:00,no data,no data,no data,no data,80,no data,no data,no data,439.0,178,595,518,4952,569,726,94,no data,no data,no data,no data,447,no data,no data,63,95.88000000000001,57,177,122.31564625850339,1138,no data,73.0
2019-07-03 00:00:00,no data,no data,no data,225,70,no data,no data,no data,419.0,209,583,557,4790,665,831,105,no data,no data,no data,no data,375,no data,no data,89,90.78,74,201,132.20408163265307,1230,no data,58.0
2019-07-04 00:00:00,no data,no data,no data,213,67,no data,no data,no data,423.0,203,624,582,5304,889,1057,163,no data,no data,no data,no data,437,no data,no data,81,83.64,65,125,109.41768707482996,1018,no data,60.0
2019-07-05 00:00:00,no data,no data,no data,217,58,no data,no data,no data,525.0,237,653,655,5289,874,983,175,no data,no data,no data,no data,524,no data,no data,110,96.9,76,134,107.48299319727892,1000,no data,70.0
2019-07-06 00:00:00,no data,no data,no data,128,52,no data,no data,no data,419.0,196,467,627,4288,929,1086,271,no data,no data,no data,no data,426,no data,no data,83,96.9,62,121,81.47210884353743,758,no data,71.0
2019-07-07 00:00:00,no data,no data,no data,182,100,no data,no data,no data,417.0,212,504,462,3240,708,847,219,no data,no data,no data,no data,351,no data,no data,51,103.02,91,95,83.51428571428573,777,no data,72.0
2019-07-08 00:00:00,no data,no data,no data,217,72,no data,no data,no data,362.0,176,692,504,4852,621,760,93,no data,no data,no data,no data,346,no data,no data,86,96.9,64,125,111.99727891156459,1042,no data,52.0
2019-07-09 00:00:00,no data,no data,no data,216,60,no data,no data,no data,374.0,184,589,511,4990,674,813,104,no data,no data,no data,no data,447,no data,no data,84,95.88000000000001,81,97,96.73469387755102,900,no data,59.0
2019-07-10 00:00:00,no data,no data,no data,294,54,no data,no data,no data,440.0,202,630,636,4920,766,877,110,no data,no data,no data,no data,490,no data,no data,94,90.78,72,127,84.80408163265305,789,no data,64.0
2019-07-11 00:00:00,no data,no data,no data,251,73,no data,no data,no data,472.0,236,607,579,5058,730,894,98,no data,no data,no data,no data,439,no data,no data,80,83.64,63,94,92.86530612244898,864,no data,77.0
2019-07-12 00:00:00,no data,no data,no data,278,43,no data,no data,no data,495.0,265,655,624,5273,923,1045,180,no data,no data,no data,no data,465,no data,no data,122,96.9,79,139,102.21632653061224,951,no data,71.0
2019-07-13 00:00:00,no data,no data,no data,184,41,no data,no data,no data,475.0,206,540,617,4943,1064,1223,280,no data,no data,no data,no data,463,no data,no data,99,96.9,65,122,75.34557823129252,701,no data,53.0
2019-07-14 00:00:00,no data,no data,no data,209,65,no data,no data,no data,428.0,221,556,503,4347,924,1095,312,no data,no data,no data,no data,317,no data,no data,66,103.02,74,128,93.29523809523812,868,no data,73.0
2019-07-15 00:00:00,no data,no data,no data,262,62,no data,no data,no data,474.0,226,621,577,5254,759,881,159,no data,no data,no data,no data,389,no data,no data,114,96.9,62,110,86.73877551020408,807,no data,66.0
2019-07-16 00:00:00,no data,no data,no data,275,64,no data,no data,no data,471.0,204,606,536,5113,716,848,167,no data,no data,no data,no data,448,no data,no data,105,95.88000000000001,55,245,81.47210884353743,758,no data,22.0
2019-07-17 00:00:00,no data,no data,no data,284,85,no data,no data,no data,500.0,213,651,598,5208,808,930,232,no data,no data,no data,no data,444,no data,no data,99,90.78,62,143,82.43945578231293,767,no data,10.0
2019-07-18 00:00:00,no data,no data,no data,249,78,no data,no data,no data,508.0,268,661,689,5191,769,883,155,no data,no data,no data,no data,474,no data,no data,106,83.64,73,142,90.82312925170069,845,no data,11.0
2019-07-19 00:00:00,no data,no data,no data,262,53,no data,no data,no data,665.0,309,671,665,5201,971,1123,246,no data,no data,no data,no data,522,no data,no data,98,96.9,63,150,87.7061224489796,816,no data,11.0
2019-07-20 00:00:00,no data,no data,no data,174,46,no data,no data,no data,534.0,243,504,574,4166,1123,1297,385,no data,no data,no data,no data,437,no data,no data,74,96.9,68,128,71.4761904761905,665,no data,34.0
2019-07-21 00:00:00,no data,no data,no data,199,46,no data,no data,no data,440.0,216,489,488,3646,961,1186,413,no data,no data,no data,no data,336,no data,no data,65,103.02,89,121,58.6857142857143,546,no data,55.0
2019-07-22 00:00:00,no data,no data,no data,216,51,no data,no data,no data,425.0,194,504,460,4902,718,836,143,no data,no data,no data,no data,369,no data,no data,104,96.9,79,148,89.74829931972789,835,no data,21.0
2019-07-23 00:00:00,no data,no data,no data,217,76,no data,no data,no data,444.0,221,536,529,4972,659,773,135,no data,no data,no data,no data,452,no data,no data,79,95.88000000000001,75,122,96.3047619047619,896,no data,44.0
2019-07-24 00:00:00,no data,no data,no data,249,78,no data,no data,no data,451.0,216,534,487,5015,682,801,123,no data,no data,no data,no data,470,no data,no data,87,90.78,77,131,95.87482993197277,892,no data,50.0
2019-07-25 00:00:00,no data,no data,no data,256,102,no data,no data,no data,477.0,200,498,516,4833,675,805,125,no data,no data,no data,no data,415,no data,no data,79,83.64,57,104,97.91700680272109,911,no data,45.0
2019-07-26 00:00:00,no data,no data,no data,262,30,no data,no data,no data,507.0,259,554,600,4865,632,778,134,no data,no data,no data,no data,356,no data,no data,110,96.9,70,135,91.89795918367348,855,no data,46.0
2019-07-27 00:00:00,no data,no data,no data,167,25,no data,no data,no data,502.0,221,451,558,4182,918,1084,284,no data,no data,no data,no data,393,no data,no data,83,96.9,84,132,80.71972789115645,751,no data,86.0
2019-07-28 00:00:00,no data,no data,no data,199,28,no data,no data,no data,475.0,214,462,497,3623,965,1058,313,no data,no data,no data,no data,359,no data,no data,61,103.02,95,165,35.57687074829932,331,no data,80.0
2019-07-29 00:00:00,no data,no data,no data,226,27,no data,no data,no data,474.0,222,522,530,4887,669,797,112,no data,no data,no data,no data,364,no data,no data,93,96.9,71,159,105.5482993197279,982,no data,39.0
2019-07-30 00:00:00,no data,no data,no data,236,37,no data,no data,no data,447.0,203,625,507,4817,635,758,91,no data,no data,no data,no data,467,no data,no data,89,95.88000000000001,99,133,88.88843537414967,827,no data,66.0
2019-07-31 00:00:00,no data,no data,no data,199,35,no data,no data,no data,482.0,215,647,621,4953,715,833,109,no data,no data,no data,no data,427,no data,no data,90,90.78,63,118,89.10340136054421,829,no data,63.0
2019-08-01 00:00:00,no data,no data,no data,215,45,no data,no data,no data,411.0,289,704,689,5008,758,897,159,no data,no data,no data,no data,405,no data,no data,99,83.64,85,155,84.1591836734694,783,no data,38.0
2019-08-02 00:00:00,no data,no data,no data,210,56,no data,no data,no data,610.0,327,701,639,4867,712,839,179,no data,no data,no data,no data,493,no data,no data,128,72.41999999999999,70,207,77.60272108843537,722,no data,51.0
2019-08-03 00:00:00,no data,no data,no data,131,38,no data,no data,no data,697.0,292,552,552,3953,946,1187,321,no data,no data,no data,no data,463,no data,no data,88,72.41999999999999,79,121,55.461224489795924,516,no data,191.0
2019-08-04 00:00:00,no data,no data,no data,176,31,no data,no data,no data,579.0,236,490,490,3219,956,1148,369,no data,no data,no data,no data,307,no data,no data,71,76.49999999999999,116,148,32.02993197278911,298,no data,137.0
2019-08-05 00:00:00,no data,no data,no data,168,41,no data,no data,no data,599.0,287,534,548,3235,702,887,289,no data,no data,no data,no data,381,no data,no data,140,72.41999999999999,87,159,72.8734693877551,678,no data,132.0
2019-08-06 00:00:00,no data,no data,no data,204,63,no data,no data,no data,459.0,227,568,613,4907,629,756,97,no data,no data,no data,no data,484,no data,no data,102,70.38,61,118,60.72789115646258,565,no data,61.0
2019-08-07 00:00:00,no data,no data,no data,205,39,no data,no data,no data,465.0,224,622,625,4793,709,825,91,no data,no data,no data,no data,419,no data,no data,104,68.33999999999999,89,120,74.48571428571428,693,no data,24.0
2019-08-08 00:00:00,no data,no data,no data,231,65,no data,no data,no data,460.0,231,588,572,4916,740,893,125,no data,no data,no data,no data,410,no data,no data,83,63.24,94,126,79.10748299319727,736,no data,46.0
2019-08-09 00:00:00,no data,no data,no data,225,91,no data,no data,no data,506.0,266,627,680,4967,692,863,135,no data,no data,no data,no data,470,no data,no data,178,72.41999999999999,69,130,69.3265306122449,645,no data,52.0
2019-08-10 00:00:00,no data,no data,no data,158,77,no data,no data,no data,501.0,208,563,604,4020,940,1095,266,no data,no data,no data,no data,438,no data,no data,105,72.41999999999999,122,145,64.05986394557823,596,no data,101.0
2019-08-11 00:00:00,no data,no data,no data,167,74,no data,no data,no data,497.0,205,546,522,3560,961,1155,306,no data,no data,no data,no data,349,no data,no data,86,76.49999999999999,122,112,103.82857142857142,966,no data,60.0
2019-08-12 00:00:00,no data,no data,no data,221,101,no data,no data,no data,445.0,193,532,538,4942,760,909,135,no data,no data,no data,no data,352,no data,no data,122,72.41999999999999,68,110,104.79591836734694,975,no data,46.0
2019-08-13 00:00:00,no data,no data,no data,212,89,no data,no data,no data,446.0,211,584,530,4855,671,827,112,no data,no data,no data,no data,451,no data,no data,187,70.38,75,116,59.86802721088436,557,no data,58.0
2019-08-14 00:00:00,no data,no data,no data,205,72,no data,no data,no data,506.0,231,635,566,4775,740,861,140,no data,no data,no data,no data,393,no data,no data,86,68.33999999999999,74,135,45.3578231292517,422,no data,75.0
2019-08-15 00:00:00,no data,no data,no data,210,84,no data,no data,no data,482.0,221,595,598,4712,739,859,108,no data,no data,no data,no data,437,no data,no data,101,63.24,90,122,37.61904761904761,350,no data,71.0
2019-08-16 00:00:00,no data,no data,no data,256,76,no data,no data,no data,491.0,267,648,679,4908,836,981,187,no data,no data,no data,no data,414,no data,no data,116,72.41999999999999,71,132,49.9795918367347,465,no data,66.0
2019-08-17 00:00:00,no data,no data,no data,168,63,no data,no data,no data,522.0,203,493,642,4178,952,1112,277,no data,no data,no data,no data,405,no data,no data,73,72.41999999999999,79,99,24.18367346938776,225,no data,71.0
2019-08-18 00:00:00,no data,no data,no data,193,83,no data,no data,no data,470.0,238,512,508,3175,568,722,168,no data,no data,no data,no data,382,no data,no data,70,76.49999999999999,46,89,32.88979591836735,306,no data,75.0
2019-08-19 00:00:00,no data,no data,no data,269,78,no data,no data,no data,464.0,197,581,565,4879,770,921,138,no data,no data,no data,no data,436,no data,no data,94,72.41999999999999,41,107,42.34829931972789,394,no data,78.0
2019-08-20 00:00:00,no data,no data,no data,265,50,no data,no data,no data,446.0,242,649,667,5127,787,905,109,no data,no data,no data,no data,504,no data,no data,112,70.38,75,141,89.31836734693876,831,no data,76.0
2019-08-21 00:00:00,no data,no data,no data,197,35,no data,no data,no data,508.0,253,661,674,4872,787,941,133,no data,no data,no data,no data,481,no data,no data,154,68.33999999999999,62,106,85.55646258503404,796,no data,65.0
2019-08-22 00:00:00,no data,no data,no data,246,79,no data,no data,no data,473.0,235,652,636,4937,688,846,85,no data,no data,no data,no data,508,no data,no data,125,63.24,71,117,70.18639455782312,653,no data,53.0
2019-08-23 00:00:00,no data,no data,no data,224,71,no data,no data,no data,459.0,256,685,746,5461,862,1075,182,no data,no data,no data,no data,527,no data,no data,146,72.41999999999999,81,124,79.64489795918367,741,no data,55.0
2019-08-24 00:00:00,no data,no data,no data,166,77,no data,no data,no data,533.0,277,690,700,4284,984,1143,226,no data,no data,no data,no data,462,no data,no data,116,72.41999999999999,73,118,70.4013605442177,655,no data,74.0
2019-08-25 00:00:00,no data,no data,no data,219,43,no data,no data,no data,517.0,301,631,653,3839,1036,1229,301,no data,no data,no data,no data,509,no data,no data,97,76.49999999999999,95,138,57.50340136054422,535,no data,53.0
2019-08-26 00:00:00,no data,no data,no data,232,64,no data,no data,no data,513.0,261,774,659,4980,786,939,132,no data,no data,no data,no data,419,no data,no data,112,72.41999999999999,94,141,82.33197278911565,766,no data,51.0
2019-08-27 00:00:00,no data,no data,no data,202,83,no data,no data,no data,503.0,256,727,662,5019,823,977,150,no data,no data,no data,no data,470,no data,no data,86,70.38,85,125,104.68843537414965,974,no data,60.0
2019-08-28 00:00:00,no data,no data,no data,234,112,no data,no data,no data,587.0,300,785,722,5175,843,1000,144,no data,no data,no data,no data,543,no data,no data,121,68.33999999999999,42,93,65.24217687074831,607,no data,55.0
2019-08-29 00:00:00,no data,no data,no data,227,32,no data,no data,no data,605.0,328,753,747,4971,760,933,139,no data,no data,no data,no data,677,no data,no data,95,63.24,71,141,86.73877551020409,807,no data,53.0
2019-08-30 00:00:00,no data,no data,no data,231,50,no data,no data,no data,680.0,490,929,882,5332,1055,1141,186,no data,no data,no data,no data,571,no data,no data,136,72.41999999999999,69,132,73.08843537414967,680,no data,59.0
2019-08-31 00:00:00,no data,no data,no data,163,50,no data,no data,no data,830.0,329,617,760,3962,980,1110,285,no data,no data,no data,no data,605,no data,no data,86,72.41999999999999,72,134,61.802721088435376,575,no data,61.0
2019-09-01 00:00:00,no data,no data,no data,181,50,no data,no data,no data,417.0,263,495,592,3305,965,1102,305,no data,no data,no data,no data,474,no data,no data,61,76.49999999999999,120,133,55.461224489795924,516,no data,57.0
2019-09-02 00:00:00,no data,no data,no data,215,82,no data,no data,no data,748.0,390,no data,776,3237,712,921,242,no data,no data,no data,no data,459,no data,no data,93,67.32000000000002,101,124,30.847619047619048,287,no data,40.0
2019-09-03 00:00:00,no data,no data,no data,221,54,no data,no data,no data,533.0,250,no data,761,4972,742,924,78,no data,no data,no data,no data,431,no data,no data,68,67.32000000000002,60,114,59.76054421768708,556,no data,38.0
2019-09-04 00:00:00,no data,no data,no data,252,56,no data,no data,no data,470.0,234,no data,698,4959,790,1033,120,no data,no data,no data,no data,349,no data,no data,95,65.28,31,134,49.9795918367347,465,no data,41.0
2019-09-05 00:00:00,no data,no data,no data,220,84,no data,no data,no data,445.0,222,no data,616,4877,673,874,84,no data,no data,no data,no data,332,no data,no data,79,64.26,12,110,44.60544217687076,415,no data,42.0
2019-09-06 00:00:00,no data,no data,no data,228,80,no data,no data,no data,532.0,249,no data,763,5281,1051,1310,174,no data,no data,no data,no data,388,no data,no data,122,67.32000000000002,27,77,50.51700680272109,470,no data,37.0
2019-09-07 00:00:00,no data,no data,no data,167,94,no data,no data,no data,504.0,239,no data,768,4096,1044,1180,258,no data,no data,no data,no data,438,no data,no data,87,67.32000000000002,69,132,33.96462585034014,316,no data,68.0
2019-09-08 00:00:00,no data,no data,no data,226,97,no data,no data,no data,454.0,242,no data,675,3709,1057,1236,297,no data,no data,no data,no data,340,no data,no data,78,76.50000000000001,81,115,30.847619047619048,287,no data,88.0
2019-09-09 00:00:00,no data,no data,no data,238,108,no data,no data,no data,521.0,264,no data,690,4937,804,998,125,no data,no data,no data,no data,371,no data,no data,100,67.32000000000002,99,98,36.65170068027211,341,no data,40.0
2019-09-10 00:00:00,no data,no data,no data,435,62,no data,no data,no data,449.0,214,no data,670,4921,833,1038,137,no data,no data,no data,no data,403,no data,no data,101,67.32000000000002,73,98,35.36190476190477,329,no data,38.0
2019-09-11 00:00:00,no data,no data,no data,296,43,no data,no data,no data,447.0,227,no data,638,4793,746,904,126,no data,no data,no data,no data,401,no data,no data,90,65.28,58,82,56.1061224489796,522,no data,35.0
2019-09-12 00:00:00,no data,no data,no data,226,64,no data,no data,no data,468.0,271,no data,720,4900,804,955,114,no data,no data,no data,no data,389,no data,no data,105,64.26,37,82,35.46938775510205,330,no data,62.0
2019-09-13 00:00:00,no data,no data,no data,230,83,no data,no data,no data,544.0,258,no data,723,5056,857,1000,194,no data,no data,no data,no data,465,no data,no data,117,67.32000000000002,48,121,42.563265306122446,396,no data,54.0
2019-09-14 00:00:00,no data,no data,no data,181,69,no data,no data,no data,482.0,258,no data,666,3961,969,1076,214,no data,no data,no data,no data,500,no data,no data,94,67.32000000000002,46,132,28.91292517006803,269,no data,49.0
2019-09-15 00:00:00,no data,no data,no data,194,105,no data,no data,no data,447.0,228,no data,607,3408,987,1153,309,no data,no data,no data,no data,367,no data,no data,92,76.50000000000001,52,134,28.0530612244898,261,no data,53.0
2019-09-16 00:00:00,no data,no data,no data,270,94,no data,no data,no data,403.0,217,no data,639,4769,648,823,102,no data,no data,no data,no data,339,no data,no data,105,67.32000000000002,27,143,41.380952380952394,385,no data,61.0
2019-09-17 00:00:00,no data,no data,no data,265,91,no data,no data,no data,437.0,228,no data,612,4624,608,750,68,no data,no data,no data,no data,438,no data,no data,111,67.32000000000002,36,90,41.16598639455782,383,no data,42.0
2019-09-18 00:00:00,no data,no data,no data,268,94,no data,no data,no data,428.0,243,no data,679,4856,691,816,105,no data,no data,no data,no data,389,no data,no data,126,65.28,23,86,37.51156462585035,349,no data,50.0
2019-09-19 00:00:00,no data,no data,no data,252,85,no data,no data,no data,411.0,233,no data,789,4676,697,857,117,no data,no data,no data,no data,437,no data,no data,108,64.26,27,86,51.69931972789116,481,no data,32.0
2019-09-20 00:00:00,no data,no data,no data,232,90,no data,no data,no data,500.0,290,no data,864,5105,796,956,107,no data,no data,no data,no data,443,no data,no data,136,67.32000000000002,39,150,161.76190476190473,no data,no data,62.0
2019-09-21 00:00:00,no data,no data,no data,173,104,no data,no data,no data,439.0,215,no data,794,4184,1004,1106,186,no data,no data,no data,no data,486,no data,no data,114,67.32000000000002,41,116,112.31972789115646,no data,no data,44.0
2019-09-22 00:00:00,no data,no data,no data,208,94,no data,no data,no data,436.0,247,no data,705,3489,1034,1200,252,no data,no data,no data,no data,402,no data,no data,86,76.50000000000001,39,110,145.2095238095238,no data,no data,44.0
2019-09-23 00:00:00,no data,no data,no data,279,86,no data,no data,no data,376.0,203,no data,635,5087,842,1012,140,no data,no data,no data,no data,no data,no data,no data,82,67.32000000000002,no data,no data,no data,no data,no data,26.0
2019-09-24 00:00:00,no data,no data,no data,250,82,no data,no data,no data,406.0,226,no data,976,5032,867,1053,137,no data,no data,no data,no data,no data,no data,no data,115,67.32000000000002,56,102,98,538,917,38.0
2019-09-25 00:00:00,no data,no data,no data,215,70,no data,no data,no data,427.0,210,no data,679,4867,828,973,165,no data,no data,no data,no data,no data,no data,no data,94,65.28,36,83,169,442,815,55.0
2019-09-26 00:00:00,no data,no data,no data,194,88,no data,no data,no data,457.0,271,no data,789,4829,822,977,190,no data,no data,no data,no data,no data,no data,no data,79,64.26,42,81,156,410,719,57.0
2019-09-27 00:00:00,no data,no data,no data,249,91,no data,no data,no data,478.0,240,no data,864,5289,914,1076,190,no data,no data,no data,no data,no data,no data,no data,128,67.32000000000002,100,86,202,479,844,54.0
2019-09-28 00:00:00,no data,no data,no data,153,90,no data,no data,no data,394.0,202,no data,794,4356,970,1116,196,no data,no data,no data,no data,no data,no data,no data,103,67.32000000000002,65,85,131,322,568,53.0
2019-09-29 00:00:00,no data,no data,no data,218,95,no data,no data,no data,360.0,212,no data,854,3720,966,1144,231,no data,no data,no data,no data,no data,no data,no data,87,76.50000000000001,53,70,108,292,424,55.0
2019-09-30 00:00:00,no data,no data,no data,225,74,no data,no data,no data,417.0,191,no data,905,5066,742,880,112,no data,no data,no data,no data,no data,no data,no data,99,67.32000000000002,31,62,157,410,786,46.0
2019-10-01 00:00:00,no data,no data,no data,215,73,no data,no data,no data,346.0,228,no data,792,4936,746,918,133,no data,no data,no data,no data,no data,no data,no data,111,67.32000000000002,55,68,138,382,765,36.0
2019-10-02 00:00:00,no data,no data,no data,247,91,no data,no data,no data,375.0,194,no data,825,4775,740,915,77,no data,no data,no data,no data,no data,no data,no data,95,26.0,26,60,138,374,1036,93.0
2019-10-03 00:00:00,no data,no data,no data,no data,no data,no data,no data,no data,401.0,228,no data,735,4887,818,920,100,no data,no data,no data,no data,no data,no data,no data,90,30.0,24,86,132,404,840,36.0
2019-10-04 00:00:00,no data,no data,no data,no data,no data,no data,no data,no data,423.0,249,no data,858,5063,703,857,78,no data,no data,no data,no data,no data,no data,no data,84,29.0,35,82,154,453,935,58.0
2019-10-05 00:00:00,no data,no data,49,191,94,no data,no data,no data,371.0,192,no data,886,4165,850,995,185,no data,no data,no data,no data,no data,no data,no data,131,47.0,19,79,140,327,530,39.0
2019-10-06 00:00:00,no data,no data,39,213,36,no data,no data,no data,309.0,200,no data,787,3569,752,905,133,no data,no data,no data,no data,no data,no data,no data,92,32.0,50,91,121,302,430,39.0
2019-10-07 00:00:00,no data,no data,44,298,50,no data,no data,no data,342.0,189,no data,673,4798,649,801,97,no data,no data,no data,no data,no data,no data,no data,66,35.0,23,67,162,460,979,45.0
2019-10-08 00:00:00,no data,no data,50,319,62,no data,no data,no data,342.0,203,no data,668,no data,no data,no data,57,no data,no data,no data,no data,no data,no data,no data,70,21.0,27,66,139,434,815,36.0
2019-10-09 00:00:00,no data,no data,41,296,42,no data,no data,no data,385.0,221,no data,700,no data,no data,no data,63,no data,no data,no data,no data,no data,no data,no data,95,26.0,32,68,138,369,746,34.0
2019-10-10 00:00:00,no data,no data,53,268,52,no data,no data,no data,405.0,269,no data,842,4685,670,782,73,no data,no data,no data,no data,no data,no data,no data,90,30.0,29,96,162,427,833,44.0
2019-10-11 00:00:00,no data,no data,81,308,59,no data,no data,no data,470.0,331,no data,1120,4837,647,825,89,no data,no data,no data,no data,no data,no data,no data,82,29.0,9,67,134,364,788,67.0
2019-10-12 00:00:00,no data,no data,38,188,88,no data,no data,no data,446.0,205,no data,no data,3985,870,1018,192,no data,no data,no data,28,21,no data,no data,81,31.0,24,74,102,225,470,49.0
2019-10-13 00:00:00,no data,no data,37,197,61,no data,no data,no data,304.0,199,no data,no data,2816,654,790,175,no data,no data,no data,45,53,no data,no data,80,30.0,29,64,72,215,378,27.0
2019-10-14 00:00:00,no data,no data,57,231,39,no data,no data,no data,391.0,235,no data,no data,2831,648,784,171,no data,no data,no data,66,56,no data,no data,72,18.0,46,77,103,280,430,37.0
2019-10-15 00:00:00,no data,no data,57,231,34,no data,no data,no data,383.0,217,no data,no data,4367,485,640,72,no data,no data,no data,136,120,no data,no data,84,27.0,22,74,116,367,837,35.0
2019-10-16 00:00:00,no data,no data,44,240,36,no data,no data,no data,375.0,220,no data,798,4390,469,583,45,no data,no data,no data,122,361,no data,no data,83,16.0,4,61,130,367,781,38.0
2019-10-17 00:00:00,no data,no data,33,244,54,no data,no data,no data,372.0,198,no data,837,4192,531,639,49,no data,no data,no data,6,1,no data,no data,58,29.0,28,66,132,369,733,47.0
2019-10-18 00:00:00,no data,no data,58,259,43,no data,no data,no data,417.0,221,no data,794,4483,553,660,38,no data,no data,no data,1,0,no data,no data,77,22.0,6,86,140,418,891,58.0
2019-10-19 00:00:00,no data,no data,36,178,58,no data,no data,no data,323.0,183,no data,705,3704,610,696,86,no data,no data,no data,5,4,no data,no data,95,9.0,49,77,131,249,528,35.0
2019-10-20 00:00:00,no data,no data,46,200,57,no data,no data,no data,324.0,202,no data,884,2956,603,703,121,no data,no data,no data,2,0,no data,no data,93,15.0,36,77,76,225,389,37.0
2019-10-21 00:00:00,no data,no data,51,292,41,no data,no data,no data,302.0,149,no data,851,4348,538,684,no data,no data,no data,no data,75,430,no data,no data,70,28.0,48,73,140,417,898,37.0
2019-10-22 00:00:00,no data,no data,30,266,48,no data,no data,no data,315.0,no data,no data,678,4322,600,764,no data,no data,no data,no data,99,90,no data,no data,80,22.0,39,68,156,367,774,21.0
2019-10-23 00:00:00,no data,no data,55,273,50,no data,no data,no data,310.0,no data,no data,672,4234,535,689,no data,no data,no data,no data,62,55,no data,no data,72,18.0,29,78,134,386,829,30.0
2019-10-24 00:00:00,no data,no data,47,289,50,no data,no data,no data,351.0,195,640,688,4355,535,645,68,no data,no data,no data,12,11,no data,no data,87,26.0,23,58,132,351,766,37.0
2019-10-25 00:00:00,no data,no data,61,245,47,no data,no data,no data,410.0,213,709,843,4760,663,779,78,no data,no data,no data,17,18,no data,no data,66,46.0,41,60,116,392,758,40.0
2019-10-26 00:00:00,no data,no data,30,181,68,no data,no data,no data,351.0,133,584,595,3716,590,677,109,no data,no data,no data,2,5,no data,no data,109,21.0,21,70,147,331,603,34.0
2019-10-27 00:00:00,no data,no data,47,202,67,no data,no data,1943,304.0,162,521,819,2807,471,540,89,no data,no data,no data,1,1,no data,no data,91,18.0,41,82,100,268,460,19.0
2019-10-28 00:00:00,no data,no data,33,276,65,no data,no data,1949,293.0,135,668,495,4259,477,592,28,no data,no data,no data,50,36,no data,no data,56,14.0,4,60,103,365,787,34.0
2019-10-29 00:00:00,no data,no data,51,286,60,302,no data,1953,335.0,165,689,744,4369,498,633,32,857,181,57,96,121,no data,no data,72,57.0,80,59,132,366,779,26.0
2019-10-30 00:00:00,no data,no data,38,224,48,306,936,1395,352.0,173,731,846,4291,519,610,52,849,174,55,9,8,no data,77,80,14.0,91,97,98,394,800,28.0
2019-10-31 00:00:00,no data,no data,41,237,63,314,967,991,289.0,137,815,856,4400,510,632,37,913,152,61,189,176,no data,92,67,8.0,50,79,82,375,756,24.0
2019-11-01 00:00:00,no data,no data,66,420,38,360,1039,1751,258.0,181,595,857,4603,558,661,42,1001,187,86,43,42,no data,100,50,20.0,66,69,103,350,754,50.0
2019-11-02 00:00:00,no data,no data,35,264,56,216,744,1797,317.0,169,525,861,3551,544,642,89,658,117,59,78,462,no data,73,96,12.0,71,61,84,209,440,18.0
2019-11-03 00:00:00,no data,no data,25,229,47,241,562,1827,286.0,160,476,436,2978,578,639,109,525,109,72,67,346,no data,48,54,11.0,35,26,39,180,332,7.0
2019-11-04 00:00:00,no data,no data,12,230,30,282,842,1748,278.0,141,643,354,4253,494,589,34,770,141,65,106,221,no data,66,41,9.0,25,16,39,353,773,37.0
2019-11-05 00:00:00,no data,no data,18,203,24,314,880,1785,282.0,188,791,345,4470,617,730,45,752,107,41,32,296,no data,64,63,8.0,33,15,19,325,778,21.0
2019-11-06 00:00:00,no data,no data,11,204,32,302,895,1515,314.0,173,765,515,4348,511,582,43,770,140,48,72,312,no data,102,85,4.0,34,17,16,353,740,20.0
2019-11-07 00:00:00,no data,no data,18,180,29,320,1015,1145,317.0,179,734,395,4046,440,543,34,898,157,65,71,332,no data,83,50,6.0,4,21,13,302,646,32.0
2019-11-08 00:00:00,no data,no data,19,201,46,353,973,1222,378.0,224,825,398,4416,511,651,55,888,165,88,88,306,no data,86,70,6.0,9,17,5,299,737,45.0
2019-11-09 00:00:00,no data,no data,19,151,57,188,720,1862,329.0,147,573,409,3339,552,615,109,665,114,54,42,270,no data,70,73,4.0,10,35,29,206,502,30.0
2019-11-10 00:00:00,no data,no data,10,171,47,227,584,1639,263.0,127,551,494,2777,535,607,132,498,97,52,44,239,no data,37,61,5.0,16,26,31,164,349,15.0
2019-11-11 00:00:00,no data,no data,13,251,42,255,560,1650,317.0,163,586,537,2914,536,610,125,460,128,69,69,221,no data,46,48,8.0,23,26,41,223,477,17.0
2019-11-12 00:00:00,no data,no data,12,198,38,289,852,1858,279.0,159,718,394,4234,505,611,45,773,126,53,57,336,no data,59,48,3.0,16,25,13,279,681,23.0
2019-11-13 00:00:00,no data,no data,9,191,15,244,899,1339,306.0,150,728,446,3895,494,577,40,732,126,52,61,332,no data,73,55,2.0,6,31,25,316,686,28.0
2019-11-14 00:00:00,no data,no data,12,215,11,323,889,1052,322.0,164,757,452,4063,460,567,17,719,107,48,39,271,no data,63,64,14.0,7,21,22,316,674,15.0
2019-11-15 00:00:00,no data,no data,23,218,14,341,997,1599,304.0,179,775,461,3897,457,594,28,894,166,82,87,341,no data,95,42,16.0,12,30,23,369,781,50.0
2019-11-16 00:00:00,no data,no data,13,176,28,271,756,1544,309.0,157,514,793,3152,451,556,53,674,138,64,58,269,no data,94,32,3.0,11,22,26,199,489,35.0
2019-11-17 00:00:00,no data,no data,18,222,21,206,585,1676,248.0,136,498,906,2515,431,480,62,477,82,56,61,236,no data,64,35,5.0,4,32,36,209,381,19.0
2019-11-18 00:00:00,no data,no data,22,289,24,265,820,1787,307.0,139,633,975,4052,457,535,24,697,128,36,48,282,no data,66,25,11.0,10,37,24,390,820,36.0
2019-11-19 00:00:00,no data,no data,16,247,16,250,897,1771,311.0,132,607,862,4015,467,561,35,746,102,42,59,337,no data,67,6,13.0,5,31,34,278,673,29.0
2019-11-20 00:00:00,no data,no data,22,227,18,228,931,1326,291.0,151,725,757,4205,474,592,38,843,156,71,54,300,no data,94,0,9.0,15,36,36,474,678,38.0
2019-11-21 00:00:00,no data,no data,12,228,32,266,815,1071,288.0,173,745,919,4188,480,598,48,602,136,62,97,340,no data,71,12,8.0,12,27,29,538,724,36.0
2019-11-22 00:00:00,no data,no data,17,279,24,255,727,1707,298.0,163,731,1042,4416,519,623,70,457,134,59,85,353,no data,93,69,5.0,10,51,35,487,792,42.0
2019-11-23 00:00:00,no data,no data,8,213,49,219,582,1661,264.0,136,416,1065,3896,623,706,88,343,115,58,59,346,no data,88,63,1.0,21,35,51,225,466,66.0
2019-11-24 00:00:00,no data,no data,17,251,35,184,434,1808,266.0,148,481,1111,2846,571,639,99,256,105,64,60,243,no data,61,112,5.0,20,42,59,253,410,23.0
2019-11-25 00:00:00,no data,no data,27,285,28,264,642,1680,260.0,105,605,1039,4200,457,584,34,406,120,52,78,291,no data,68,33,6.0,6,20,26,383,771,22.0
2019-11-26 00:00:00,no data,no data,17,264,18,223,649,1918,261.0,159,752,1019,4373,512,615,53,349,148,53,62,343,no data,69,51,7.0,11,26,20,318,677,24.0
2019-11-27 00:00:00,no data,no data,18,267,29,257,699,1351,325.0,171,722,947,4343,520,624,29,360,165,56,81,320,no data,83,34,21.0,13,57,36,323,763,30.0
2019-11-28 00:00:00,no data,no data,21,272,19,279,685,927,303.0,181,756,937,4433,497,616,37,370,127,55,69,319,no data,65,53,16.0,29,52,59,328,736,28.0
2019-11-29 00:00:00,no data,no data,41,385,29,304,759,1656,328.0,162,741,512,4686,622,765,61,431,206,91,84,370,no data,94,69,19.0,26,61,74,366,754,38.0
2019-11-30 00:00:00,no data,no data,22,177,30,240,561,1601,285.0,143,542,511,3663,638,741,100,323,157,77,76,301,no data,64,63,15.0,24,66,77,252,432,37.0
2019-12-01 00:00:00,no data,no data,20,241,26,177,417,1733,149.0,137,448,511,2829,530,661,75,202,114,69,69,224,no data,55,39,14.0,13,52,65,235,414,28.0
2019-12-02 00:00:00,no data,no data,22,272,21,253,625,1579,281.0,136,635,543,4186,419,592,23,299,124,56,53,225,no data,61,65,7.0,7,44,59,341,665,48.0
2019-12-03 00:00:00,no data,no data,26,261,22,279,642,1708,299.0,177,705,538,4387,503,661,37,370,139,56,63,302,no data,64,50,17.0,37,57,55,308,637,32.0
2019-12-04 00:00:00,no data,no data,24,262,9,258,710,1181,304.0,165,703,526,4375,506,649,34,367,132,47,52,240,no data,84,35,17.0,25,58,70,304,712,31.0
2019-12-05 00:00:00,no data,no data,30,239,13,275,647,956,278.0,133,654,463,4298,494,647,44,360,142,55,65,253,no data,77,49,23.0,27,63,73,330,741,13.0
2019-12-06 00:00:00,no data,no data,43,244,17,289,725,1602,302.0,175,716,343,4545,506,670,40,321,187,96,94,310,no data,78,55,12.0,23,63,75,373,789,31.0
2019-12-07 00:00:00,no data,no data,24,152,38,207,566,1593,264.0,113,502,496,3468,538,641,56,266,127,68,63,276,no data,66,60,14.0,32,59,73,292,552,30.0
2019-12-08 00:00:00,no data,no data,16,210,25,168,382,1586,233.0,139,429,403,2840,454,587,47,183,83,42,41,203,no data,55,66,6.0,20,63,84,280,431,17.0
2019-12-09 00:00:00,no data,no data,26,232,12,266,632,1546,240.0,133,603,599,4143,454,568,32,282,124,41,39,200,no data,67,61,24.0,20,75,53,361,763,27.0
2019-12-10 00:00:00,no data,no data,25,199,18,235,580,1750,255.0,133,613,796,4359,455,582,24,251,96,37,33,212,no data,65,69,25.0,22,57,67,311,642,30.0
2019-12-11 00:00:00,no data,no data,27,237,11,236,595,1239,276.0,161,642,691,4320,466,644,20,286,117,37,43,227,no data,58,45,17.0,14,66,66,334,656,80.0
2019-12-12 00:00:00,no data,no data,24,199,20,274,618,916,242.0,162,645,600,4560,498,676,46,274,83,39,53,222,no data,56,43,14.0,18,72,69,390,734,40.0
2019-12-13 00:00:00,no data,no data,41,261,26,269,731,1591,285.0,177,636,566,4905,535,716,53,376,123,47,58,264,no data,70,51,24.0,22,89,90,444,733,49.0
2019-12-14 00:00:00,no data,no data,33,171,28,225,545,1562,298.0,138,506,499,3883,574,669,53,301,98,45,47,255,no data,54,51,17.0,25,58,71,317,490,33.0
2019-12-15 00:00:00,no data,no data,31,181,24,204,421,1578,247.0,142,516,542,3156,515,612,51,277,90,43,61,219,no data,36,63,19.0,34,63,56,233,358,23.0
2019-12-16 00:00:00,no data,no data,33,206,21,240,623,1534,264.0,142,665,696,4444,485,629,38,363,114,55,56,232,no data,54,55,7.0,25,48,56,317,643,40.0
2019-12-17 00:00:00,no data,no data,36,192,9,252,614,1511,265.0,161,719,480,4534,491,592,37,327,110,42,47,286,no data,77,41,15.0,15,50,53,303,636,28.0
2019-12-18 00:00:00,no data,no data,29,212,31,245,600,997,279.0,157,651,428,4235,478,588,27,296,118,55,53,253,no data,62,37,11.0,24,47,42,284,549,26.0
2019-12-19 00:00:00,no data,no data,41,221,52,312,706,814,339.0,210,772,387,4699,527,656,51,345,136,72,75,291,no data,74,62,22.0,23,44,51,315,598,24.0
2019-12-20 00:00:00,no data,no data,54,226,47,350,742,1147,415.0,252,738,619,4993,555,719,42,367,185,88,79,278,no data,109,67,26.0,25,82,107,361,681,36.0
2019-12-21 00:00:00,no data,no data,42,143,46,288,618,1229,452.0,233,576,444,3847,568,683,54,259,132,64,64,285,no data,94,62,17.0,21,102,115,303,492,26.0
2019-12-22 00:00:00,no data,no data,51,171,35,235,426,681,321.0,183,563,287,2998,539,654,64,172,101,67,54,251,no data,66,62,22.0,23,65,65,249,381,22.0
2019-12-23 00:00:00,no data,no data,48,222,51,283,585,861,328.0,156,561,330,4488,538,703,48,283,153,75,68,253,no data,92,87,33.0,28,90,96,354,624,36.0
2019-12-24 00:00:00,no data,no data,29,150,37,191,530,1052,283.0,106,586,324,3754,633,752,56,227,106,53,33,302,no data,78,55,14.0,15,78,81,227,379,27.0
2019-12-25 00:00:00,no data,no data,12,63,12,52,236,816,138.0,39,462,488,1705,478,547,59,112,48,20,21,142,no data,45,34,5.0,14,51,41,92,183,6.0
2019-12-26 00:00:00,no data,no data,22,116,22,144,411,729,206.0,99,532,589,2710,620,746,90,166,85,54,57,194,no data,55,68,13.0,24,51,54,172,316,23.0
2019-12-27 00:00:00,no data,no data,35,168,42,202,520,1081,280.0,148,569,664,3836,649,715,86,293,143,60,47,305,no data,70,55,16.0,16,77,84,268,514,26.0
2019-12-28 00:00:00,no data,no data,38,104,18,207,434,1134,303.0,145,549,783,3033,665,760,114,186,73,42,35,248,no data,56,53,12.0,2,59,35,190,354,31.0
2019-12-29 00:00:00,no data,no data,35,135,39,195,370,no data,276.0,138,482,682,2636,566,665,81,166,68,48,50,188,no data,36,89,16.0,23,66,60,195,344,24.0
2019-12-30 00:00:00,no data,no data,29,156,53,no data,540,no data,272.0,141,581,611,3907,604,743,85,250,104,43,44,209,no data,65,89,18.0,31,116,125,322,600,47.0
2019-12-31 00:00:00,no data,no data,41,152,67,no data,483,no data,291.0,115,526,606,3665,632,725,102,250,110,48,42,302,no data,57,48,12.0,33,114,106,320,611,32.0
2020-01-01 00:00:00,0,0,0,0,0,0,0,0,0.0,0,0,0,0,0,0,0,0,0,0,0,0,0,0,0,0.0,0,0,0,0,0,0.0
,,,,,,,,,,,,,,,,,,,,,,,,,,,,,,,
AADT,289.1808033705963,336.78835308187564,45.29019607843137,222.98333333333332,52.107438016528924,401.20195302929545,1056.503125396003,1523.206740133639,387.84657534246577,205.62809917355372,602.6613418530352,578.937673130194,4357.300275482094,686.9283746556474,808.7768595041322,163.03591160220995,478.04577219966257,118.03571428571429,49.67261904761905,145.9825327510917,338.9675675675676,31.278846153846153,50.808383233532936,74.96408839779005,39.19238356164383,38.81408450704225,90.81971830985916,78.95646258503398,559.233918128655,783.2301255230126,46.45753424657534
% Data ,28.688524590163933,28.688524590163933,69.94535519125684,49.45355191256831,99.4535519125683,45.62841530054645,44.80874316939891,45.90163934426229,100.0,99.4535519125683,85.79234972677595,98.90710382513662,99.4535519125683,99.4535519125683,99.4535519125683,99.18032786885246,46.17486338797814,46.17486338797814,46.17486338797814,62.841530054644814,50.81967213114754,28.688524590163933,45.90163934426229,99.18032786885246,100.0,97.26775956284153,97.26775956284153,96.17486338797814,93.71584699453553,65.57377049180327,100.0
,,,,,,,,,,,,,,,,,,,,,,,,,,,,,,,
,261,261,110,185,2,199,202,198,0.0,2,52,4,2,2,2,3,197,197,197,136,180,261,198,3,0.0,10,10,14,23,126,0.0
,,,,,,,,,,,,,,,,,,,,,,,,,,,,,,,
,,,68.8125,216.26666666666668,59.80434782608695,,,,474.5652173913044,225.18478260869566,612.8586956521739,602.0760869565217,4714.130434782609,830.75,970.195652173913,183.1195652173913,,,,,432.5975609756098,,,98.6086956521739,80.8571739130435,71.4578313253012,143.15662650602408,86.71604236631363,746.945205479452,,59.93478260869565
,,,,,,,,,,,,,,,,,,,,,,,,,,,,,,,
,92,92,76,32,0,92,92,92,0.0,0,0,0,0,0,0,0,92,92,92,92,10,92,92,0,0.0,9,9,13,19,92,0.0
