Date,3-026
2015-01-01,0.0
2015-01-02,265.0
2015-01-03,294.0
2015-01-04,303.0
2015-01-05,296.0
2015-01-06,261.0
2015-01-07,257.0
2015-01-08,278.0
2015-01-09,370.0
2015-01-10,245.0
2015-01-11,299.0
2015-01-12,270.0
2015-01-13,315.0
2015-01-14,287.0
2015-01-15,331.0
2015-01-16,357.0
2015-01-17,305.0
2015-01-18,274.0
2015-01-19,300.0
2015-01-20,309.0
2015-01-21,351.0
2015-01-22,364.0
2015-01-23,337.0
2015-01-24,262.0
2015-01-25,238.0
2015-01-26,234.0
2015-01-27,257.0
2015-01-28,278.0
2015-01-29,362.0
2015-01-30,386.0
2015-01-31,318.0
2015-02-01,239.0
2015-02-02,362.0
2015-02-03,319.0
2015-02-04,344.0
2015-02-05,382.0
2015-02-06,432.0
2015-02-07,326.0
2015-02-08,390.0
2015-02-09,342.0
2015-02-10,289.0
2015-02-11,359.0
2015-02-12,379.0
2015-02-13,428.0
2015-02-14,421.0
2015-02-15,375.0
2015-02-16,353.0
2015-02-17,334.0
2015-02-18,388.0
2015-02-19,456.0
2015-02-20,499.0
2015-02-21,400.0
2015-02-22,391.0
2015-02-23,414.0
2015-02-24,363.0
2015-02-25,394.0
2015-02-26,483.0
2015-02-27,560.0
2015-02-28,427.0
2015-03-01,302.0
2015-03-02,454.0
2015-03-03,372.0
2015-03-04,408.0
2015-03-05,437.0
2015-03-06,479.0
2015-03-07,436.0
2015-03-08,466.0
2015-03-09,417.0
2015-03-10,456.0
2015-03-11,478.0
2015-03-12,453.0
2015-03-13,584.0
2015-03-14,482.0
2015-03-15,388.0
2015-03-16,461.0
2015-03-17,500.0
2015-03-18,429.0
2015-03-19,480.0
2015-03-20,504.0
2015-03-21,486.0
2015-03-22,477.0
2015-03-23,465.0
2015-03-24,509.0
2015-03-25,480.0
2015-03-26,495.0
2015-03-27,530.0
2015-03-28,480.0
2015-03-29,375.0
2015-03-30,390.0
2015-03-31,326.0
2015-04-01,231.0
2015-04-02,395.0
2015-04-03,428.0
2015-04-04,273.0
2015-04-05,219.0
2015-04-06,307.0
2015-04-07,299.0
2015-04-08,288.0
2015-04-09,310.0
2015-04-10,345.0
2015-04-11,259.0
2015-04-12,245.0
2015-04-13,257.0
2015-04-14,240.0
2015-04-15,266.0
2015-04-16,277.0
2015-04-17,291.0
2015-04-18,279.0
2015-04-19,250.0
2015-04-20,255.0
2015-04-21,268.0
2015-04-22,271.0
2015-04-23,323.0
2015-04-24,339.0
2015-04-25,330.0
2015-04-26,295.0
2015-04-27,357.0
2015-04-28,332.0
2015-04-29,319.0
2015-04-30,364.0
2015-05-01,284.0
2015-05-02,403.0
2015-05-03,392.0
2015-05-04,307.0
2015-05-05,312.0
2015-05-06,410.0
2015-05-07,361.0
2015-05-08,396.0
2015-05-09,372.0
2015-05-10,424.0
2015-05-11,374.0
2015-05-12,353.0
2015-05-13,369.0
2015-05-14,371.0
2015-05-15,501.0
2015-05-16,512.0
2015-05-17,389.0
2015-05-18,490.0
2015-05-19,437.0
2015-05-20,400.0
2015-05-21,443.0
2015-05-22,469.0
2015-05-23,487.0
2015-05-24,549.0
2015-05-25,461.0
2015-05-26,461.0
2015-05-27,457.0
2015-05-28,446.0
2015-05-29,524.0
2015-05-30,494.0
2015-05-31,443.0
2015-06-01,312.0
2015-06-02,507.0
2015-06-03,630.0
2015-06-04,605.0
2015-06-05,722.0
2015-06-06,552.0
2015-06-07,455.0
2015-06-08,446.0
2015-06-09,424.0
2015-06-10,452.0
2015-06-11,464.0
2015-06-12,562.0
2015-06-13,490.0
2015-06-14,447.0
2015-06-15,441.0
2015-06-16,416.0
2015-06-17,456.0
2015-06-18,482.0
2015-06-19,516.0
2015-06-20,537.0
2015-06-21,439.0
2015-06-22,499.0
2015-06-23,443.0
2015-06-24,449.0
2015-06-25,474.0
2015-06-26,570.0
2015-06-27,675.0
2015-06-28,547.0
2015-06-29,516.0
2015-06-30,490.0
2015-07-01,292.0
2015-07-02,468.0
2015-07-03,476.0
2015-07-04,484.0
2015-07-05,440.0
2015-07-06,416.0
2015-07-07,483.0
2015-07-08,453.0
2015-07-09,430.0
2015-07-10,501.0
2015-07-11,456.0
2015-07-12,425.0
2015-07-13,380.0
2015-07-14,359.0
2015-07-15,438.0
2015-07-16,513.0
2015-07-17,569.0
2015-07-18,528.0
2015-07-19,410.0
2015-07-20,448.0
2015-07-21,416.0
2015-07-22,425.0
2015-07-23,460.0
2015-07-24,416.0
2015-07-25,400.0
2015-07-26,409.0
2015-07-27,426.0
2015-07-28,398.0
2015-07-29,404.0
2015-07-30,451.0
2015-07-31,488.0
2015-08-01,318.0
2015-08-02,457.0
2015-08-03,519.0
2015-08-04,521.0
2015-08-05,399.0
2015-08-06,414.0
2015-08-07,450.0
2015-08-08,480.0
2015-08-09,436.0
2015-08-10,466.0
2015-08-11,437.0
2015-08-12,434.0
2015-08-13,444.0
2015-08-14,486.0
2015-08-15,480.0
2015-08-16,400.0
2015-08-17,424.0
2015-08-18,413.0
2015-08-19,415.0
2015-08-20,469.0
2015-08-21,525.0
2015-08-22,646.0
2015-08-23,570.0
2015-08-24,465.0
2015-08-25,397.0
2015-08-26,399.0
2015-08-27,441.0
2015-08-28,412.0
2015-08-29,517.0
2015-08-30,396.0
2015-08-31,391.0
2015-09-01,317.0
2015-09-02,407.0
2015-09-03,405.0
2015-09-04,468.0
2015-09-05,502.0
2015-09-06,339.0
2015-09-07,446.0
2015-09-08,391.0
2015-09-09,396.0
2015-09-10,425.0
2015-09-11,465.0
2015-09-12,401.0
2015-09-13,341.0
2015-09-14,366.0
2015-09-15,379.0
2015-09-16,406.0
2015-09-17,422.0
2015-09-18,530.0
2015-09-19,413.0
2015-09-20,382.0
2015-09-21,348.0
2015-09-22,427.0
2015-09-23,413.0
2015-09-24,377.0
2015-09-25,414.0
2015-09-26,381.0
2015-09-27,320.0
2015-09-28,395.0
2015-09-29,394.0
2015-09-30,433.0
2015-10-01,308.0
2015-10-02,502.0
2015-10-03,365.0
2015-10-04,354.0
2015-10-05,362.0
2015-10-06,334.0
2015-10-07,395.0
2015-10-08,378.0
2015-10-09,524.0
2015-10-10,430.0
2015-10-11,302.0
2015-10-12,455.0
2015-10-13,358.0
2015-10-14,362.0
2015-10-15,349.0
2015-10-16,370.0
2015-10-17,265.0
2015-10-18,291.0
2015-10-19,325.0
2015-10-20,347.0
2015-10-21,328.0
2015-10-22,331.0
2015-10-23,361.0
2015-10-24,316.0
2015-10-25,323.0
2015-10-26,275.0
2015-10-27,279.0
2015-10-28,333.0
2015-10-29,370.0
2015-10-30,336.0
2015-10-31,263.0
2015-11-01,202.0
2015-11-02,252.0
2015-11-03,306.0
2015-11-04,313.0
2015-11-05,338.0
2015-11-06,348.0
2015-11-07,332.0
2015-11-08,242.0
2015-11-09,259.0
2015-11-10,286.0
2015-11-11,315.0
2015-11-12,274.0
2015-11-13,337.0
2015-11-14,293.0
2015-11-15,275.0
2015-11-16,266.0
2015-11-17,294.0
2015-11-18,298.0
2015-11-19,307.0
2015-11-20,326.0
2015-11-21,293.0
2015-11-22,262.0
2015-11-23,322.0
2015-11-24,297.0
2015-11-25,297.0
2015-11-26,294.0
2015-11-27,387.0
2015-11-28,274.0
2015-11-29,282.0
2015-11-30,269.0
2015-12-01,206.0
2015-12-02,390.0
2015-12-03,219.0
2015-12-04,307.0
2015-12-05,282.0
2015-12-06,265.0
2015-12-07,260.0
2015-12-08,271.0
2015-12-09,312.0
2015-12-10,345.0
2015-12-11,313.0
2015-12-12,308.0
2015-12-13,252.0
2015-12-14,261.0
2015-12-15,295.0
2015-12-16,225.0
2015-12-17,318.0
2015-12-18,324.0
2015-12-19,408.0
2015-12-20,290.0
2015-12-21,270.0
2015-12-22,348.0
2015-12-23,372.0
2015-12-24,326.0
2015-12-25,155.0
2015-12-26,139.0
2015-12-27,167.0
2015-12-28,184.0
2015-12-29,233.0
2015-12-30,267.0
2015-12-31,19.0
2016-01-01,0.0
2016-01-02,265.0
2016-01-03,294.0
2016-01-04,303.0
2016-01-05,296.0
2016-01-06,261.0
2016-01-07,257.0
2016-01-08,278.0
2016-01-09,370.0
2016-01-10,245.0
2016-01-11,299.0
2016-01-12,270.0
2016-01-13,315.0
2016-01-14,287.0
2016-01-15,331.0
2016-01-16,357.0
2016-01-17,305.0
2016-01-18,274.0
2016-01-19,300.0
2016-01-20,309.0
2016-01-21,351.0
2016-01-22,364.0
2016-01-23,337.0
2016-01-24,262.0
2016-01-25,238.0
2016-01-26,234.0
2016-01-27,257.0
2016-01-28,278.0
2016-01-29,362.0
2016-01-30,386.0
2016-01-31,318.0
2016-02-01,239.0
2016-02-02,362.0
2016-02-03,319.0
2016-02-04,344.0
2016-02-05,382.0
2016-02-06,432.0
2016-02-07,326.0
2016-02-08,390.0
2016-02-09,342.0
2016-02-10,289.0
2016-02-11,359.0
2016-02-12,379.0
2016-02-13,428.0
2016-02-14,421.0
2016-02-15,375.0
2016-02-16,353.0
2016-02-17,334.0
2016-02-18,388.0
2016-02-19,456.0
2016-02-20,499.0
2016-02-21,400.0
2016-02-22,391.0
2016-02-23,414.0
2016-02-24,363.0
2016-02-25,394.0
2016-02-26,483.0
2016-02-27,560.0
2016-02-28,427.0
2016-02-29,302.0
2016-03-01,454.0
2016-03-02,372.0
2016-03-03,408.0
2016-03-04,437.0
2016-03-05,479.0
2016-03-06,436.0
2016-03-07,466.0
2016-03-08,417.0
2016-03-09,456.0
2016-03-10,478.0
2016-03-11,453.0
2016-03-12,584.0
2016-03-13,482.0
2016-03-14,388.0
2016-03-15,461.0
2016-03-16,500.0
2016-03-17,429.0
2016-03-18,480.0
2016-03-19,504.0
2016-03-20,486.0
2016-03-21,477.0
2016-03-22,465.0
2016-03-23,509.0
2016-03-24,480.0
2016-03-25,495.0
2016-03-26,530.0
2016-03-27,480.0
2016-03-28,375.0
2016-03-29,390.0
2016-03-30,326.0
2016-03-31,480.0
2016-04-01,363.0
2016-04-02,305.0
2016-04-03,302.0
2016-04-04,287.0
2016-04-05,291.0
2016-04-06,311.0
2016-04-07,295.0
2016-04-08,264.0
2016-04-09,265.0
2016-04-10,292.0
2016-04-11,241.0
2016-04-12,252.0
2016-04-13,281.0
2016-04-14,312.0
2016-04-15,287.0
2016-04-16,318.0
2016-04-17,343.0
2016-04-18,254.0
2016-04-19,316.0
2016-04-20,340.0
2016-04-21,404.0
2016-04-22,339.0
2016-04-23,336.0
2016-04-24,321.0
2016-04-25,336.0
2016-04-26,382.0
2016-04-27,407.0
2016-04-28,473.0
2016-04-29,456.0
2016-04-30,310.0
2016-05-01,310.0
2016-05-02,413.0
2016-05-03,419.0
2016-05-04,423.0
2016-05-05,441.0
2016-05-06,452.0
2016-05-07,379.0
2016-05-08,347.0
2016-05-09,416.0
2016-05-10,383.0
2016-05-11,401.0
2016-05-12,397.0
2016-05-13,437.0
2016-05-14,411.0
2016-05-15,395.0
2016-05-16,401.0
2016-05-17,360.0
2016-05-18,376.0
2016-05-19,419.0
2016-05-20,507.0
2016-05-21,618.0
2016-05-22,467.0
2016-05-23,537.0
2016-05-24,382.0
2016-05-25,408.0
2016-05-26,351.0
2016-05-27,482.0
2016-05-28,413.0
2016-05-29,433.0
2016-05-30,437.0
2016-05-31,420.0
2016-06-01,406.0
2016-06-02,477.0
2016-06-03,565.0
2016-06-04,499.0
2016-06-05,481.0
2016-06-06,502.0
2016-06-07,393.0
2016-06-08,412.0
2016-06-09,463.0
2016-06-10,467.0
2016-06-11,466.0
2016-06-12,498.0
2016-06-13,444.0
2016-06-14,360.0
2016-06-15,399.0
2016-06-16,398.0
2016-06-17,510.0
2016-06-18,507.0
2016-06-19,420.0
2016-06-20,431.0
2016-06-21,507.0
2016-06-22,478.0
2016-06-23,422.0
2016-06-24,484.0
2016-06-25,459.0
2016-06-26,519.0
2016-06-27,500.0
2016-06-28,430.0
2016-06-29,455.0
2016-06-30,569.0
2016-07-01,433.0
2016-07-02,455.0
2016-07-03,472.0
2016-07-04,527.0
2016-07-05,473.0
2016-07-06,470.0
2016-07-07,459.0
2016-07-08,496.0
2016-07-09,449.0
2016-07-10,419.0
2016-07-11,437.0
2016-07-12,409.0
2016-07-13,398.0
2016-07-14,489.0
2016-07-15,543.0
2016-07-16,598.0
2016-07-17,492.0
2016-07-18,472.0
2016-07-19,457.0
2016-07-20,436.0
2016-07-21,455.0
2016-07-22,497.0
2016-07-23,502.0
2016-07-24,432.0
2016-07-25,503.0
2016-07-26,404.0
2016-07-27,412.0
2016-07-28,452.0
2016-07-29,551.0
2016-07-30,608.0
2016-07-31,472.0
2016-08-01,453.0
2016-08-02,489.0
2016-08-03,449.0
2016-08-04,436.0
2016-08-05,489.0
2016-08-06,434.0
2016-08-07,480.0
2016-08-08,455.0
2016-08-09,399.0
2016-08-10,452.0
2016-08-11,428.0
2016-08-12,463.0
2016-08-13,504.0
2016-08-14,482.0
2016-08-15,468.0
2016-08-16,486.0
2016-08-17,477.0
2016-08-18,451.0
2016-08-19,457.0
2016-08-20,518.0
2016-08-21,422.0
2016-08-22,413.0
2016-08-23,434.0
2016-08-24,453.0
2016-08-25,445.0
2016-08-26,457.0
2016-08-27,458.0
2016-08-28,427.0
2016-08-29,414.0
2016-08-30,362.0
2016-09-01,714.0
2016-09-02,479.0
2016-09-03,537.0
2016-09-04,456.0
2016-09-05,546.0
2016-09-06,428.0
2016-09-07,375.0
2016-09-08,374.0
2016-09-09,411.0
2016-09-10,421.0
2016-09-11,430.0
2016-09-12,359.0
2016-09-13,365.0
2016-09-14,350.0
2016-09-15,416.0
2016-09-16,441.0
2016-09-17,395.0
2016-09-18,366.0
2016-09-19,337.0
2016-09-20,372.0
2016-09-21,426.0
2016-09-22,440.0
2016-09-23,510.0
2016-09-24,448.0
2016-09-25,402.0
2016-09-26,410.0
2016-09-27,347.0
2016-09-28,357.0
2016-09-29,353.0
2016-09-30,424.0
2016-10-01,340.0
2016-10-02,405.0
2016-10-03,361.0
2016-10-04,332.0
2016-10-05,394.0
2016-10-06,434.0
2016-10-07,561.0
2016-10-08,472.0
2016-10-09,324.0
2016-10-10,401.0
2016-10-11,397.0
2016-10-12,353.0
2016-10-13,402.0
2016-10-14,424.0
2016-10-15,416.0
2016-10-16,317.0
2016-10-17,266.0
2016-10-18,286.0
2016-10-19,340.0
2016-10-20,352.0
2016-10-21,421.0
2016-10-22,417.0
2016-10-23,277.0
2016-10-24,304.0
2016-10-25,280.0
2016-10-26,308.0
2016-10-27,341.0
2016-10-28,470.0
2016-10-29,377.0
2016-10-30,328.0
2016-10-31,267.0
2016-11-01,244.0
2016-11-02,274.0
2016-11-03,302.0
2016-11-04,449.0
2016-11-05,401.0
2016-11-06,294.0
2016-11-07,288.0
2016-11-08,293.0
2016-11-09,298.0
2016-11-10,409.0
2016-11-11,399.0
2016-11-12,300.0
2016-11-13,308.0
2016-11-14,344.0
2016-11-15,382.0
2016-11-16,402.0
2016-11-17,410.0
2016-11-18,374.0
2016-11-19,326.0
2016-11-20,268.0
2016-11-21,307.0
2016-11-22,296.0
2016-11-23,352.0
2016-11-24,336.0
2016-11-25,327.0
2016-11-26,283.0
2016-11-27,256.0
2016-11-28,278.0
2016-11-29,353.0
2016-11-30,304.0
2016-12-01,252.0
2016-12-02,370.0
2016-12-03,328.0
2016-12-04,267.0
2016-12-05,305.0
2016-12-06,288.0
2016-12-07,317.0
2016-12-08,345.0
2016-12-09,338.0
2016-12-10,325.0
2016-12-11,278.0
2016-12-12,286.0
2016-12-13,345.0
2016-12-14,399.0
2016-12-15,352.0
2016-12-16,355.0
2016-12-17,404.0
2016-12-18,290.0
2016-12-19,362.0
2016-12-20,320.0
2016-12-21,397.0
2016-12-22,432.0
2016-12-23,394.0
2016-12-24,224.0
2016-12-25,128.0
2016-12-26,233.0
2016-12-27,270.0
2016-12-28,377.0
2016-12-29,372.0
2016-12-30,22.0
2016-12-31,27.0
2017-01-01,0.0
2017-01-02,271.0
2017-01-03,318.0
2017-01-04,330.0
2017-01-05,322.0
2017-01-06,368.0
2017-01-07,325.0
2017-01-08,285.0
2017-01-09,344.0
2017-01-10,303.0
2017-01-11,336.0
2017-01-12,356.0
2017-01-13,324.0
2017-01-14,314.0
2017-01-15,263.0
2017-01-16,343.0
2017-01-17,320.0
2017-01-18,318.0
2017-01-19,320.0
2017-01-20,401.0
2017-01-21,335.0
2017-01-22,288.0
2017-01-23,308.0
2017-01-24,334.0
2017-01-25,331.0
2017-01-26,392.0
2017-01-27,456.0
2017-01-28,389.0
2017-01-29,335.0
2017-01-30,385.0
2017-01-31,346.0
2017-02-01,275.0
2017-02-02,385.0
2017-02-03,416.0
2017-02-04,367.0
2017-02-05,334.0
2017-02-06,302.0
2017-02-07,304.0
2017-02-08,362.0
2017-02-09,396.0
2017-02-10,409.0
2017-02-11,380.0
2017-02-12,320.0
2017-02-13,320.0
2017-02-14,344.0
2017-02-15,358.0
2017-02-16,354.0
2017-02-17,392.0
2017-02-18,366.0
2017-02-19,316.0
2017-02-20,338.0
2017-02-21,345.0
2017-02-22,438.0
2017-02-23,432.0
2017-02-24,395.0
2017-02-25,409.0
2017-02-26,347.0
2017-02-27,367.0
2017-02-28,374.0
2017-03-01,266.0
2017-03-02,465.0
2017-03-03,464.0
2017-03-04,416.0
2017-03-05,388.0
2017-03-06,424.0
2017-03-07,333.0
2017-03-08,366.0
2017-03-09,456.0
2017-03-10,505.0
2017-03-11,414.0
2017-03-12,455.0
2017-03-13,457.0
2017-03-14,487.0
2017-03-15,463.0
2017-03-16,453.0
2017-03-17,463.0
2017-03-18,472.0
2017-03-19,368.0
2017-03-20,372.0
2017-03-21,448.0
2017-03-22,450.0
2017-03-23,460.0
2017-03-24,465.0
2017-03-25,392.0
2017-03-26,393.0
2017-03-27,415.0
2017-03-28,440.0
2017-03-29,407.0
2017-03-30,398.0
2017-03-31,417.0
2017-04-01,417.0
2017-04-02,388.0
2017-04-03,349.0
2017-04-04,339.0
2017-04-05,307.0
2017-04-06,414.0
2017-04-07,355.0
2017-04-08,299.0
2017-04-09,253.0
2017-04-10,316.0
2017-04-11,367.0
2017-04-12,384.0
2017-04-13,425.0
2017-04-14,254.0
2017-04-15,280.0
2017-04-16,394.0
2017-04-17,282.0
2017-04-18,328.0
2017-04-19,326.0
2017-04-20,342.0
2017-04-21,319.0
2017-04-22,316.0
2017-04-23,314.0
2017-04-24,341.0
2017-04-25,383.0
2017-04-26,448.0
2017-04-27,460.0
2017-04-28,399.0
2017-04-29,378.0
2017-04-30,243.0
2017-05-01,382.0
2017-05-02,382.0
2017-05-03,343.0
2017-05-04,370.0
2017-05-05,467.0
2017-05-06,405.0
2017-05-07,396.0
2017-05-08,400.0
2017-05-09,419.0
2017-05-10,417.0
2017-05-11,402.0
2017-05-12,427.0
2017-05-13,457.0
2017-05-14,409.0
2017-05-15,356.0
2017-05-16,418.0
2017-05-17,425.0
2017-05-18,445.0
2017-05-19,528.0
2017-05-20,625.0
2017-05-21,451.0
2017-05-22,527.0
2017-05-23,471.0
2017-05-24,437.0
2017-05-25,406.0
2017-05-26,447.0
2017-05-27,432.0
2017-05-28,435.0
2017-05-29,452.0
2017-05-30,458.0
2017-05-31,449.0
2017-06-01,339.0
2017-06-02,547.0
2017-06-03,589.0
2017-06-04,556.0
2017-06-05,472.0
2017-06-06,390.0
2017-06-07,453.0
2017-06-08,502.0
2017-06-09,559.0
2017-06-10,482.0
2017-06-11,421.0
2017-06-12,459.0
2017-06-13,429.0
2017-06-14,469.0
2017-06-15,484.0
2017-06-16,540.0
2017-06-17,456.0
2017-06-18,448.0
2017-06-19,433.0
2017-06-20,485.0
2017-06-21,509.0
2017-06-22,574.0
2017-06-23,652.0
2017-06-24,553.0
2017-06-25,519.0
2017-06-26,584.0
2017-06-27,507.0
2017-06-28,556.0
2017-06-29,584.0
2017-06-30,678.0
2017-07-01,337.0
2017-07-02,458.0
2017-07-03,481.0
2017-07-04,447.0
2017-07-05,477.0
2017-07-06,493.0
2017-07-07,504.0
2017-07-08,503.0
2017-07-09,475.0
2017-07-10,459.0
2017-07-11,454.0
2017-07-12,459.0
2017-07-13,448.0
2017-07-14,485.0
2017-07-15,441.0
2017-07-16,463.0
2017-07-17,497.0
2017-07-18,526.0
2017-07-19,530.0
2017-07-20,552.0
2017-07-21,614.0
2017-07-22,506.0
2017-07-23,371.0
2017-07-24,510.0
2017-07-25,505.0
2017-07-26,579.0
2017-07-27,504.0
2017-07-28,561.0
2017-07-29,558.0
2017-07-30,503.0
2017-07-31,502.0
2017-08-01,372.0
2017-08-02,505.0
2017-08-03,547.0
2017-08-04,539.0
2017-08-05,574.0
2017-08-06,405.0
2017-08-07,479.0
2017-08-08,547.0
2017-08-09,559.0
2017-08-10,509.0
2017-08-11,569.0
2017-08-12,509.0
2017-08-13,492.0
2017-08-14,400.0
2017-08-15,395.0
2017-08-16,422.0
2017-08-17,460.0
2017-08-18,503.0
2017-08-19,491.0
2017-08-20,443.0
2017-08-21,503.0
2017-08-22,426.0
2017-08-23,482.0
2017-08-24,507.0
2017-08-25,556.0
2017-08-26,456.0
2017-08-27,433.0
2017-08-28,396.0
2017-08-29,497.0
2017-08-30,442.0
2017-08-31,507.0
2017-09-01,400.0
2017-09-02,556.0
2017-09-03,482.0
2017-09-04,562.0
2017-09-05,414.0
2017-09-06,388.0
2017-09-07,405.0
2017-09-08,460.0
2017-09-09,478.0
2017-09-10,412.0
2017-09-11,393.0
2017-09-12,399.0
2017-09-13,432.0
2017-09-14,403.0
2017-09-15,416.0
2017-09-16,445.0
2017-09-17,372.0
2017-09-18,384.0
2017-09-19,411.0
2017-09-20,379.0
2017-09-21,433.0
2017-09-22,499.0
2017-09-23,442.0
2017-09-24,410.0
2017-09-25,385.0
2017-09-26,391.0
2017-09-27,429.0
2017-09-28,424.0
2017-09-29,490.0
2017-09-30,452.0
2017-10-01,287.0
2017-10-02,348.0
2017-10-03,395.0
2017-10-04,426.0
2017-10-05,422.0
2017-10-06,639.0
2017-10-07,469.0
2017-10-08,291.0
2017-10-09,452.0
2017-10-10,377.0
2017-10-11,389.0
2017-10-12,366.0
2017-10-13,422.0
2017-10-14,337.0
2017-10-15,306.0
2017-10-16,305.0
2017-10-17,320.0
2017-10-18,380.0
2017-10-19,366.0
2017-10-20,394.0
2017-10-21,322.0
2017-10-22,297.0
2017-10-23,313.0
2017-10-24,306.0
2017-10-25,338.0
2017-10-26,399.0
2017-10-27,399.0
2017-10-28,342.0
2017-10-29,326.0
2017-10-30,303.0
2017-10-31,301.0
2017-11-01,262.0
2017-11-02,294.0
2017-11-03,391.0
2017-11-04,308.0
2017-11-05,239.0
2017-11-06,262.0
2017-11-07,271.0
2017-11-08,293.0
2017-11-09,316.0
2017-11-10,354.0
2017-11-11,289.0
2017-11-12,208.0
2017-11-13,335.0
2017-11-14,335.0
2017-11-15,297.0
2017-11-16,313.0
2017-11-17,366.0
2017-11-18,267.0
2017-11-19,227.0
2017-11-20,261.0
2017-11-21,282.0
2017-11-22,226.0
2017-11-23,288.0
2017-11-24,369.0
2017-11-25,319.0
2017-11-26,221.0
2017-11-27,239.0
2017-11-28,298.0
2017-11-29,375.0
2017-11-30,387.0
2017-12-01,248.0
2017-12-02,331.0
2017-12-03,326.0
2017-12-04,332.0
2017-12-05,298.0
2017-12-06,311.0
2017-12-07,379.0
2017-12-08,380.0
2017-12-09,326.0
2017-12-10,305.0
2017-12-11,342.0
2017-12-12,377.0
2017-12-13,400.0
2017-12-14,382.0
2017-12-15,390.0
2017-12-16,401.0
2017-12-17,385.0
2017-12-18,360.0
2017-12-19,383.0
2017-12-20,453.0
2017-12-21,461.0
2017-12-22,406.0
2017-12-23,356.0
2017-12-24,233.0
2017-12-25,142.0
2017-12-26,167.0
2017-12-27,263.0
2017-12-28,269.0
2017-12-29,314.0
2017-12-30,353.0
2017-12-31,18.0
2018-01-01,0.0
2018-01-02,265.0
2018-01-03,294.0
2018-01-04,303.0
2018-01-05,296.0
2018-01-06,261.0
2018-01-07,257.0
2018-01-08,278.0
2018-01-09,370.0
2018-01-10,245.0
2018-01-11,299.0
2018-01-12,270.0
2018-01-13,315.0
2018-01-14,287.0
2018-01-15,331.0
2018-01-16,357.0
2018-01-17,305.0
2018-01-18,274.0
2018-01-19,300.0
2018-01-20,309.0
2018-01-21,351.0
2018-01-22,364.0
2018-01-23,337.0
2018-01-24,262.0
2018-01-25,238.0
2018-01-26,234.0
2018-01-27,257.0
2018-01-28,278.0
2018-01-29,362.0
2018-01-30,386.0
2018-01-31,318.0
2018-02-01,239.0
2018-02-02,362.0
2018-02-03,319.0
2018-02-04,344.0
2018-02-05,382.0
2018-02-06,432.0
2018-02-07,326.0
2018-02-08,390.0
2018-02-09,342.0
2018-02-10,289.0
2018-02-11,359.0
2018-02-12,379.0
2018-02-13,428.0
2018-02-14,421.0
2018-02-15,375.0
2018-02-16,353.0
2018-02-17,334.0
2018-02-18,388.0
2018-02-19,456.0
2018-02-20,499.0
2018-02-21,400.0
2018-02-22,391.0
2018-02-23,414.0
2018-02-24,363.0
2018-02-25,394.0
2018-02-26,483.0
2018-02-27,560.0
2018-02-28,427.0
2018-03-01,302.0
2018-03-02,454.0
2018-03-03,372.0
2018-03-04,408.0
2018-03-05,437.0
2018-03-06,479.0
2018-03-07,436.0
2018-03-08,466.0
2018-03-09,417.0
2018-03-10,456.0
2018-03-11,478.0
2018-03-12,453.0
2018-03-13,584.0
2018-03-14,482.0
2018-03-15,388.0
2018-03-16,461.0
2018-03-17,500.0
2018-03-18,429.0
2018-03-19,480.0
2018-03-20,504.0
2018-03-21,486.0
2018-03-22,477.0
2018-03-23,465.0
2018-03-24,509.0
2018-03-25,480.0
2018-03-26,495.0
2018-03-27,530.0
2018-03-28,480.0
2018-03-29,375.0
2018-03-30,390.0
2018-03-31,326.0
2018-04-01,454.0
2018-04-02,356.0
2018-04-03,355.0
2018-04-04,337.0
2018-04-05,337.0
2018-04-06,317.0
2018-04-07,266.0
2018-04-08,311.0
2018-04-09,304.0
2018-04-10,289.0
2018-04-11,318.0
2018-04-12,340.0
2018-04-13,305.0
2018-04-14,281.0
2018-04-15,233.0
2018-04-16,225.0
2018-04-17,234.0
2018-04-18,310.0
2018-04-19,382.0
2018-04-20,334.0
2018-04-21,303.0
2018-04-22,244.0
2018-04-23,284.0
2018-04-24,315.0
2018-04-25,330.0
2018-04-26,400.0
2018-04-27,341.0
2018-04-28,400.0
2018-04-29,319.0
2018-04-30,249.0
2018-05-01,352.0
2018-05-02,352.0
2018-05-03,358.0
2018-05-04,413.0
2018-05-05,449.0
2018-05-06,417.0
2018-05-07,399.0
2018-05-08,392.0
2018-05-09,401.0
2018-05-10,408.0
2018-05-11,446.0
2018-05-12,481.0
2018-05-13,378.0
2018-05-14,306.0
2018-05-15,302.0
2018-05-16,419.0
2018-05-17,474.0
2018-05-18,525.0
2018-05-19,685.0
2018-05-20,501.0
2018-05-21,658.0
2018-05-22,523.0
2018-05-23,451.0
2018-05-24,460.0
2018-05-25,399.0
2018-05-26,487.0
2018-05-27,403.0
2018-05-28,358.0
2018-05-29,458.0
2018-05-30,495.0
2018-05-31,527.0
2018-06-01,463.0
2018-06-02,608.0
2018-06-03,476.0
2018-06-04,501.0
2018-06-05,465.0
2018-06-06,634.0
2018-06-07,572.0
2018-06-08,699.0
2018-06-09,539.0
2018-06-10,408.0
2018-06-11,396.0
2018-06-12,395.0
2018-06-13,425.0
2018-06-14,431.0
2018-06-15,546.0
2018-06-16,493.0
2018-06-17,465.0
2018-06-18,450.0
2018-06-19,449.0
2018-06-20,552.0
2018-06-21,552.0
2018-06-22,480.0
2018-06-23,405.0
2018-06-24,402.0
2018-06-25,404.0
2018-06-26,389.0
2018-06-27,389.0
2018-06-28,425.0
2018-06-29,527.0
2018-06-30,553.0
2018-07-01,271.0
2018-07-02,492.0
2018-07-03,469.0
2018-07-04,478.0
2018-07-05,518.0
2018-07-06,561.0
2018-07-07,469.0
2018-07-08,444.0
2018-07-09,416.0
2018-07-10,453.0
2018-07-11,452.0
2018-07-12,437.0
2018-07-13,464.0
2018-07-14,431.0
2018-07-15,387.0
2018-07-16,477.0
2018-07-17,457.0
2018-07-18,425.0
2018-07-19,447.0
2018-07-20,530.0
2018-07-21,518.0
2018-07-22,440.0
2018-07-23,504.0
2018-07-24,421.0
2018-07-25,419.0
2018-07-26,406.0
2018-07-27,533.0
2018-07-28,539.0
2018-07-29,422.0
2018-07-30,471.0
2018-07-31,414.0
2018-08-01,376.0
2018-08-02,511.0
2018-08-03,640.0
2018-08-04,722.0
2018-08-05,616.0
2018-08-06,621.0
2018-08-07,458.0
2018-08-08,481.0
2018-08-09,556.0
2018-08-10,533.0
2018-08-11,540.0
2018-08-12,437.0
2018-08-13,534.0
2018-08-14,424.0
2018-08-15,435.0
2018-08-16,476.0
2018-08-17,496.0
2018-08-18,540.0
2018-08-19,489.0
2018-08-20,515.0
2018-08-21,459.0
2018-08-22,431.0
2018-08-23,468.0
2018-08-24,509.0
2018-08-25,477.0
2018-08-26,449.0
2018-08-27,456.0
2018-08-28,449.0
2018-08-29,466.0
2018-08-30,491.0
2018-08-31,512.0
2018-09-01,440.0
2018-09-02,456.0
2018-09-03,532.0
2018-09-04,395.0
2018-09-05,421.0
2018-09-06,384.0
2018-09-07,433.0
2018-09-08,384.0
2018-09-09,409.0
2018-09-10,447.0
2018-09-11,453.0
2018-09-12,385.0
2018-09-13,424.0
2018-09-14,468.0
2018-09-15,397.0
2018-09-16,355.0
2018-09-17,360.0
2018-09-18,409.0
2018-09-19,405.0
2018-09-20,441.0
2018-09-21,512.0
2018-09-22,462.0
2018-09-23,447.0
2018-09-24,397.0
2018-09-25,424.0
2018-09-26,447.0
2018-09-27,431.0
2018-09-28,513.0
2018-09-29,426.0
2018-09-30,371.0
2018-10-01,330.0
2018-10-02,409.0
2018-10-03,427.0
2018-10-04,416.0
2018-10-05,478.0
2018-10-06,478.0
2018-10-07,328.0
2018-10-08,443.0
2018-10-09,401.0
2018-10-10,396.0
2018-10-11,394.0
2018-10-12,347.0
2018-10-13,369.0
2018-10-14,314.0
2018-10-15,333.0
2018-10-16,344.0
2018-10-17,317.0
2018-10-18,387.0
2018-10-19,439.0
2018-10-20,346.0
2018-10-21,320.0
2018-10-22,290.0
2018-10-23,313.0
2018-10-24,311.0
2018-10-25,333.0
2018-10-26,387.0
2018-10-27,364.0
2018-10-28,351.0
2018-10-29,308.0
2018-10-30,300.0
2018-10-31,293.0
2018-11-01,259.0
2018-11-02,348.0
2018-11-03,294.0
2018-11-04,253.0
2018-11-05,278.0
2018-11-06,288.0
2018-11-07,336.0
2018-11-08,329.0
2018-11-09,382.0
2018-11-10,352.0
2018-11-11,276.0
2018-11-12,263.0
2018-11-13,298.0
2018-11-14,305.0
2018-11-15,328.0
2018-11-16,342.0
2018-11-17,381.0
2018-11-18,290.0
2018-11-19,315.0
2018-11-20,305.0
2018-11-21,330.0
2018-11-22,351.0
2018-11-23,358.0
2018-11-24,313.0
2018-11-25,290.0
2018-11-26,320.0
2018-11-27,359.0
2018-11-28,386.0
2018-11-29,373.0
2018-11-30,440.0
2018-12-01,216.0
2018-12-02,287.0
2018-12-03,330.0
2018-12-04,353.0
2018-12-05,377.0
2018-12-06,352.0
2018-12-07,406.0
2018-12-08,378.0
2018-12-09,311.0
2018-12-10,335.0
2018-12-11,332.0
2018-12-12,362.0
2018-12-13,378.0
2018-12-14,345.0
2018-12-15,367.0
2018-12-16,313.0
2018-12-17,320.0
2018-12-18,337.0
2018-12-19,344.0
2018-12-20,340.0
2018-12-21,423.0
2018-12-22,377.0
2018-12-23,301.0
2018-12-24,290.0
2018-12-25,152.0
2018-12-26,194.0
2018-12-27,249.0
2018-12-28,287.0
2018-12-29,282.0
2018-12-30,255.0
2018-12-31,24.0
2019-01-01,127.0
2019-01-02,280.0
2019-01-03,293.0
2019-01-04,323.0
2019-01-05,295.0
2019-01-06,267.0
2019-01-07,251.0
2019-01-08,245.0
2019-01-09,256.0
2019-01-10,286.0
2019-01-11,275.0
2019-01-12,286.0
2019-01-13,226.0
2019-01-14,214.0
2019-01-15,247.0
2019-01-16,275.0
2019-01-17,240.0
2019-01-18,267.0
2019-01-19,275.0
2019-01-20,243.0
2019-01-21,276.0
2019-01-22,278.0
2019-01-23,314.0
2019-01-24,260.0
2019-01-25,276.0
2019-01-26,280.0
2019-01-27,245.0
2019-01-28,237.0
2019-01-29,260.0
2019-01-30,289.0
2019-01-31,355.0
2019-02-01,241.0
2019-02-02,304.0
2019-02-03,262.0
2019-02-04,285.0
2019-02-05,337.0
2019-02-06,300.0
2019-02-07,325.0
2019-02-08,328.0
2019-02-09,339.0
2019-02-10,389.0
2019-02-11,337.0
2019-02-12,368.0
2019-02-13,412.0
2019-02-14,394.0
2019-02-15,414.0
2019-02-16,407.0
2019-02-17,345.0
2019-02-18,377.0
2019-02-19,352.0
2019-02-20,350.0
2019-02-21,442.0
2019-02-22,489.0
2019-02-23,410.0
2019-02-24,401.0
2019-02-25,390.0
2019-02-26,365.0
2019-02-27,452.0
2019-02-28,443.0
2019-03-01,261.0
2019-03-02,465.0
2019-03-03,428.0
2019-03-04,481.0
2019-03-05,378.0
2019-03-06,438.0
2019-03-07,404.0
2019-03-08,457.0
2019-03-09,479.0
2019-03-10,400.0
2019-03-11,440.0
2019-03-12,381.0
2019-03-13,458.0
2019-03-14,472.0
2019-03-15,481.0
2019-03-16,465.0
2019-03-17,394.0
2019-03-18,383.0
2019-03-19,451.0
2019-03-20,454.0
2019-03-21,425.0
2019-03-22,405.0
2019-03-23,384.0
2019-03-24,349.0
2019-03-25,376.0
2019-03-26,419.0
2019-03-27,426.0
2019-03-28,362.0
2019-03-29,337.0
2019-03-30,404.0
2019-03-31,319.0
2019-04-01,349.0
2019-04-02,339.0
2019-04-03,300.0
2019-04-04,321.0
2019-04-05,323.0
2019-04-06,244.0
2019-04-07,338.0
2019-04-08,321.0
2019-04-09,404.0
2019-04-10,304.0
2019-04-11,404.0
2019-04-12,360.0
2019-04-13,324.0
2019-04-14,314.0
2019-04-15,348.0
2019-04-16,414.0
2019-04-17,503.0
2019-04-18,539.0
2019-04-19,377.0
2019-04-20,404.0
2019-04-21,521.0
2019-04-22,432.0
2019-04-23,353.0
2019-04-24,353.0
2019-04-25,456.0
2019-04-26,402.0
2019-04-27,380.0
2019-04-28,382.0
2019-04-29,407.0
2019-04-30,268.0
2019-05-01,409.0
2019-05-02,409.0
2019-05-03,401.0
2019-05-04,392.0
2019-05-05,332.0
2019-05-06,362.0
2019-05-07,350.0
2019-05-08,396.0
2019-05-09,407.0
2019-05-10,456.0
2019-05-11,472.0
2019-05-12,384.0
2019-05-13,344.0
2019-05-14,398.0
2019-05-15,442.0
2019-05-16,447.0
2019-05-17,535.0
2019-05-18,633.0
2019-05-19,477.0
2019-05-20,580.0
2019-05-21,416.0
2019-05-22,368.0
2019-05-23,439.0
2019-05-24,492.0
2019-05-25,384.0
2019-05-26,362.0
2019-05-27,353.0
2019-05-28,335.0
2019-05-29,397.0
2019-05-30,310.0
2019-05-31,458.0
2019-06-01,302.0
2019-06-02,386.0
2019-06-03,442.0
2019-06-04,361.0
2019-06-05,502.0
2019-06-06,408.0
2019-06-07,582.0
2019-06-08,457.0
2019-06-09,467.0
2019-06-10,440.0
2019-06-11,377.0
2019-06-12,320.0
2019-06-13,454.0
2019-06-14,472.0
2019-06-15,468.0
2019-06-16,439.0
2019-06-17,444.0
2019-06-18,401.0
2019-06-19,407.0
2019-06-20,447.0
2019-06-21,495.0
2019-06-22,378.0
2019-06-23,455.0
2019-06-24,431.0
2019-06-25,413.0
2019-06-26,398.0
2019-06-27,436.0
2019-06-28,520.0
2019-06-29,589.0
2019-06-30,455.0
2019-07-01,286.0
2019-07-02,439.0
2019-07-03,419.0
2019-07-04,423.0
2019-07-05,525.0
2019-07-06,419.0
2019-07-07,417.0
2019-07-08,362.0
2019-07-09,374.0
2019-07-10,440.0
2019-07-11,472.0
2019-07-12,495.0
2019-07-13,475.0
2019-07-14,428.0
2019-07-15,474.0
2019-07-16,471.0
2019-07-17,500.0
2019-07-18,508.0
2019-07-19,665.0
2019-07-20,534.0
2019-07-21,440.0
2019-07-22,425.0
2019-07-23,444.0
2019-07-24,451.0
2019-07-25,477.0
2019-07-26,507.0
2019-07-27,502.0
2019-07-28,475.0
2019-07-29,474.0
2019-07-30,447.0
2019-07-31,482.0
2019-08-01,411.0
2019-08-02,610.0
2019-08-03,697.0
2019-08-04,579.0
2019-08-05,599.0
2019-08-06,459.0
2019-08-07,465.0
2019-08-08,460.0
2019-08-09,506.0
2019-08-10,501.0
2019-08-11,497.0
2019-08-12,445.0
2019-08-13,446.0
2019-08-14,506.0
2019-08-15,482.0
2019-08-16,491.0
2019-08-17,522.0
2019-08-18,470.0
2019-08-19,464.0
2019-08-20,446.0
2019-08-21,508.0
2019-08-22,473.0
2019-08-23,459.0
2019-08-24,533.0
2019-08-25,517.0
2019-08-26,513.0
2019-08-27,503.0
2019-08-28,587.0
2019-08-29,605.0
2019-08-30,680.0
2019-08-31,830.0
2019-09-01,417.0
2019-09-02,748.0
2019-09-03,533.0
2019-09-04,470.0
2019-09-05,445.0
2019-09-06,532.0
2019-09-07,504.0
2019-09-08,454.0
2019-09-09,521.0
2019-09-10,449.0
2019-09-11,447.0
2019-09-12,468.0
2019-09-13,544.0
2019-09-14,482.0
2019-09-15,447.0
2019-09-16,403.0
2019-09-17,437.0
2019-09-18,428.0
2019-09-19,411.0
2019-09-20,500.0
2019-09-21,439.0
2019-09-22,436.0
2019-09-23,376.0
2019-09-24,406.0
2019-09-25,427.0
2019-09-26,457.0
2019-09-27,478.0
2019-09-28,394.0
2019-09-29,360.0
2019-09-30,417.0
2019-10-01,346.0
2019-10-02,375.0
2019-10-03,401.0
2019-10-04,423.0
2019-10-05,371.0
2019-10-06,309.0
2019-10-07,342.0
2019-10-08,342.0
2019-10-09,385.0
2019-10-10,405.0
2019-10-11,470.0
2019-10-12,446.0
2019-10-13,304.0
2019-10-14,391.0
2019-10-15,383.0
2019-10-16,375.0
2019-10-17,372.0
2019-10-18,417.0
2019-10-19,323.0
2019-10-20,324.0
2019-10-21,302.0
2019-10-22,315.0
2019-10-23,310.0
2019-10-24,351.0
2019-10-25,410.0
2019-10-26,351.0
2019-10-27,304.0
2019-10-28,293.0
2019-10-29,335.0
2019-10-30,352.0
2019-10-31,289.0
2019-11-01,258.0
2019-11-02,317.0
2019-11-03,286.0
2019-11-04,278.0
2019-11-05,282.0
2019-11-06,314.0
2019-11-07,317.0
2019-11-08,378.0
2019-11-09,329.0
2019-11-10,263.0
2019-11-11,317.0
2019-11-12,279.0
2019-11-13,306.0
2019-11-14,322.0
2019-11-15,304.0
2019-11-16,309.0
2019-11-17,248.0
2019-11-18,307.0
2019-11-19,311.0
2019-11-20,291.0
2019-11-21,288.0
2019-11-22,298.0
2019-11-23,264.0
2019-11-24,266.0
2019-11-25,260.0
2019-11-26,261.0
2019-11-27,325.0
2019-11-28,303.0
2019-11-29,328.0
2019-11-30,285.0
2019-12-01,149.0
2019-12-02,281.0
2019-12-03,299.0
2019-12-04,304.0
2019-12-05,278.0
2019-12-06,302.0
2019-12-07,264.0
2019-12-08,233.0
2019-12-09,240.0
2019-12-10,255.0
2019-12-11,276.0
2019-12-12,242.0
2019-12-13,285.0
2019-12-14,298.0
2019-12-15,247.0
2019-12-16,264.0
2019-12-17,265.0
2019-12-18,279.0
2019-12-19,339.0
2019-12-20,415.0
2019-12-21,452.0
2019-12-22,321.0
2019-12-23,328.0
2019-12-24,283.0
2019-12-25,138.0
2019-12-26,206.0
2019-12-27,280.0
2019-12-28,303.0
2019-12-29,276.0
2019-12-30,272.0
2019-12-31,291.0
2020-01-01,0.0
2020-01-01,135.0
2020-01-02,259.0
2020-01-03,337.0
2020-01-04,327.0
2020-01-05,311.0
2020-01-06,297.0
2020-01-07,258.0
2020-01-08,229.0
2020-01-09,240.0
2020-01-10,278.0
2020-01-11,274.0
2020-01-12,232.0
2020-01-13,220.0
2020-01-14,242.0
2020-01-15,227.0
2020-01-16,253.0
2020-01-17,271.0
2020-01-18,267.0
2020-01-19,226.0
2020-01-20,270.0
2020-01-21,289.0
2020-01-22,335.0
2020-01-23,323.0
2020-01-24,337.0
2020-01-25,242.0
2020-01-26,253.0
2020-01-27,266.0
2020-01-28,275.0
2020-01-29,360.0
2020-01-30,358.0
2020-01-31,341.0
2020-02-01,218.0
2020-02-02,332.0
2020-02-03,384.0
2020-02-04,296.0
2020-02-05,310.0
2020-02-06,290.0
2020-02-07,383.0
2020-02-08,387.0
2020-02-09,339.0
2020-02-10,325.0
2020-02-11,350.0
2020-02-12,347.0
2020-02-13,312.0
2020-02-14,326.0
2020-02-15,400.0
2020-02-16,336.0
2020-02-17,341.0
2020-02-18,304.0
2020-02-19,386.0
2020-02-20,420.0
2020-02-21,449.0
2020-02-22,391.0
2020-02-23,348.0
2020-02-24,362.0
2020-02-25,344.0
2020-02-26,362.0
2020-02-27,440.0
2020-02-28,474.0
2020-02-29,391.0
2020-03-01,234.0
2020-03-02,412.0
2020-03-03,393.0
2020-03-04,401.0
2020-03-05,418.0
2020-03-06,457.0
2020-03-07,433.0
2020-03-08,428.0
2020-03-09,430.0
2020-03-10,417.0
2020-03-11,405.0
2020-03-12,406.0
2020-03-13,425.0
2020-03-14,458.0
2020-03-15,344.0
2020-03-16,316.0
2020-03-17,326.0
2020-03-18,371.0
2020-03-19,412.0
2020-03-20,479.0
2020-03-21,412.0
2020-03-22,324.0
2020-03-23,304.0
2020-03-24,277.0
2020-03-25,316.0
2020-03-26,322.0
2020-03-27,371.0
2020-03-28,329.0
2020-03-29,301.0
2020-03-30,263.0
2020-03-31,200.0
2020-04-01,249.0
2020-04-02,260.0
2020-04-03,215.0
2020-04-04,231.0
2020-04-05,278.0
2020-04-06,286.0
2020-04-07,301.0
2020-04-08,326.0
2020-04-09,291.0
2020-04-10,297.0
2020-04-11,282.0
2020-04-12,287.0
2020-04-13,296.0
2020-04-14,319.0
2020-04-15,261.0
2020-04-16,319.0
2020-04-17,349.0
2020-04-18,261.0
2020-04-19,271.0
2020-04-20,302.0
2020-04-21,300.0
2020-04-22,357.0
2020-04-23,357.0
2020-04-24,301.0
2020-04-25,304.0
2020-04-26,325.0
2020-04-27,371.0
2020-04-28,406.0
2020-04-29,428.0
2020-04-30,344.0
2020-05-01,344.0
2020-05-02,471.0
2020-05-03,463.0
2020-05-04,380.0
2020-05-05,443.0
2020-05-06,494.0
2020-05-07,503.0
2020-05-08,527.0
2020-05-09,532.0
2020-05-10,480.0
2020-05-11,451.0
2020-05-12,461.0
2020-05-13,478.0
2020-05-14,479.0
2020-05-15,578.0
2020-05-16,584.0
2020-05-17,476.0
2020-05-18,423.0
2020-05-19,454.0
2020-05-20,424.0
2020-05-21,447.0
2020-05-22,487.0
2020-05-23,497.0
2020-05-24,442.0
2020-05-25,443.0
2020-05-26,461.0
2020-05-27,471.0
2020-05-28,463.0
2020-05-29,458.0
2020-05-30,529.0
2020-05-31,441.0
2020-06-01,268.0
2020-06-02,437.0
2020-06-03,462.0
2020-06-04,406.0
2020-06-05,469.0
2020-06-06,487.0
2020-06-07,401.0
2020-06-08,350.0
2020-06-09,383.0
2020-06-10,444.0
2020-06-11,578.0
2020-06-12,549.0
2020-06-13,536.0
2020-06-14,420.0
2020-06-15,414.0
2020-06-16,415.0
2020-06-17,417.0
2020-06-18,465.0
2020-06-19,486.0
2020-06-20,551.0
2020-06-21,417.0
2020-06-22,478.0
2020-06-23,465.0
2020-06-24,453.0
2020-06-25,439.0
2020-06-26,524.0
2020-06-27,561.0
2020-06-28,474.0
2020-06-29,433.0
2020-06-30,453.0
2020-07-01,306.0
2020-07-02,385.0
2020-07-03,522.0
2020-07-04,490.0
2020-07-05,450.0
2020-07-06,504.0
2020-07-07,419.0
2020-07-08,464.0
2020-07-09,468.0
2020-07-10,555.0
2020-07-11,485.0
2020-07-12,463.0
2020-07-13,426.0
2020-07-14,372.0
2020-07-15,477.0
2020-07-16,451.0
2020-07-17,514.0
2020-07-18,463.0
2020-07-19,484.0
2020-07-20,433.0
2020-07-21,454.0
2020-07-22,417.0
2020-07-23,458.0
2020-07-24,498.0
2020-07-25,595.0
2020-07-26,479.0
2020-07-27,444.0
2020-07-28,410.0
2020-07-29,493.0
2020-07-30,493.0
2020-07-31,576.0
2020-08-01,486.0
2020-08-02,556.0
2020-08-03,647.0
2020-08-04,425.0
2020-08-05,378.0
2020-08-06,463.0
2020-08-07,486.0
2020-08-08,610.0
2020-08-09,489.0
2020-08-10,407.0
2020-08-11,434.0
2020-08-12,445.0
2020-08-13,480.0
2020-08-14,528.0
2020-08-15,555.0
2020-08-16,457.0
2020-08-17,432.0
2020-08-18,394.0
2020-08-19,434.0
2020-08-20,413.0
2020-08-21,500.0
2020-08-22,495.0
2020-08-23,448.0
2020-08-24,515.0
2020-08-25,459.0
2020-08-26,438.0
2020-08-27,504.0
2020-08-28,550.0
2020-08-29,425.0
2020-08-30,433.0
2020-08-31,420.0
2020-09-01,332.0
2020-09-02,473.0
2020-09-03,434.0
2020-09-04,530.0
2020-09-05,482.0
2020-09-06,431.0
2020-09-07,462.0
2020-09-08,408.0
2020-09-09,374.0
2020-09-10,393.0
2020-09-11,353.0
2020-09-12,375.0
2020-09-13,299.0
2020-09-14,394.0
2020-09-15,343.0
2020-09-16,376.0
2020-09-17,449.0
2020-09-18,463.0
2020-09-19,477.0
2020-09-20,393.0
2020-09-21,381.0
2020-09-22,395.0
2020-09-23,377.0
2020-09-24,400.0
2020-09-25,446.0
2020-09-26,402.0
2020-09-27,335.0
2020-09-28,401.0
2020-09-29,396.0
2020-09-30,446.0
2020-10-01,352.0
2020-10-02,452.0
2020-10-03,503.0
2020-10-04,433.0
2020-10-05,374.0
2020-10-06,444.0
2020-10-07,419.0
2020-10-08,392.0
2020-10-09,479.0
2020-10-10,444.0
2020-10-11,344.0
2020-10-12,395.0
2020-10-13,335.0
2020-10-14,377.0
2020-10-15,362.0
2020-10-16,436.0
2020-10-17,410.0
2020-10-18,327.0
2020-10-19,316.0
2020-10-20,323.0
2020-10-21,354.0
2020-10-22,346.0
2020-10-23,351.0
2020-10-24,383.0
2020-10-25,309.0
2020-10-26,283.0
2020-10-27,265.0
2020-10-28,297.0
2020-10-29,340.0
2020-10-30,362.0
2020-10-31,303.0
2020-11-01,202.0
2020-11-02,261.0
2020-11-03,233.0
2020-11-04,326.0
2020-11-05,296.0
2020-11-06,332.0
2020-11-07,278.0
2020-11-08,276.0
2020-11-09,264.0
2020-11-10,274.0
2020-11-11,316.0
2020-11-12,329.0
2020-11-13,344.0
2020-11-14,297.0
2020-11-15,283.0
2020-11-16,240.0
2020-11-17,294.0
2020-11-18,298.0
2020-11-19,309.0
2020-11-20,335.0
2020-11-21,290.0
2020-11-22,241.0
2020-11-23,251.0
2020-11-24,299.0
2020-11-25,318.0
2020-11-26,324.0
2020-11-27,398.0
2020-11-28,342.0
2020-11-29,305.0
2020-11-30,315.0
2020-12-01,255.0
2020-12-02,351.0
2020-12-03,337.0
2020-12-04,356.0
2020-12-05,336.0
2020-12-06,308.0
2020-12-07,257.0
2020-12-08,302.0
2020-12-09,312.0
2020-12-10,347.0
2020-12-11,332.0
2020-12-12,383.0
2020-12-13,305.0
2020-12-14,290.0
2020-12-15,330.0
2020-12-16,333.0
2020-12-17,379.0
2020-12-18,388.0
2020-12-19,351.0
2020-12-20,290.0
2020-12-21,319.0
2020-12-22,386.0
2020-12-23,395.0
2020-12-24,319.0
2020-12-25,159.0
2020-12-26,162.0
2020-12-27,269.0
2020-12-28,262.0
2020-12-29,320.0
2020-12-30,334.0
2020-12-31,290.0
2021-01-01,148.0
2021-01-02,192.0
2021-01-03,255.0
2021-01-04,230.0
2021-01-05,270.0
2021-01-06,327.0
2021-01-07,299.0
2021-01-08,317.0
2021-01-09,261.0
2021-01-10,236.0
2021-01-11,222.0
2021-01-12,320.0
2021-01-13,306.0
2021-01-14,289.0
2021-01-15,341.0
2021-01-16,263.0
2021-01-17,252.0
2021-01-18,221.0
2021-01-19,251.0
2021-01-20,328.0
2021-01-21,284.0
2021-01-22,305.0
2021-01-23,282.0
2021-01-24,256.0
2021-01-25,265.0
2021-01-26,270.0
2021-01-27,294.0
2021-01-28,292.0
2021-01-29,327.0
2021-01-30,238.0
2021-01-31,237.0
2021-02-01,198.0
2021-02-02,322.0
2021-02-03,261.0
2021-02-04,273.0
2021-02-05,318.0
2021-02-06,278.0
2021-02-07,308.0
2021-02-08,277.0
2021-02-09,272.0
2021-02-10,312.0
2021-02-11,338.0
2021-02-12,302.0
2021-02-13,384.0
2021-02-14,365.0
2021-02-15,366.0
2021-02-16,314.0
2021-02-17,373.0
2021-02-18,386.0
2021-02-19,522.0
2021-02-20,425.0
2021-02-21,356.0
2021-02-22,339.0
2021-02-23,332.0
2021-02-24,436.0
2021-02-25,418.0
2021-02-26,390.0
2021-02-27,389.0
2021-02-28,334.0
2021-03-01,226.0
2021-03-02,372.0
2021-03-03,423.0
2021-03-04,386.0
2021-03-05,473.0
2021-03-06,413.0
2021-03-07,432.0
2021-03-08,418.0
2021-03-09,429.0
2021-03-10,423.0
2021-03-11,443.0
2021-03-12,473.0
2021-03-13,418.0
2021-03-14,356.0
2021-03-15,384.0
2021-03-16,361.0
2021-03-17,371.0
2021-03-18,448.0
2021-03-19,518.0
2021-03-20,397.0
2021-03-21,388.0
2021-03-22,334.0
2021-03-23,321.0
2021-03-24,327.0
2021-03-25,425.0
2021-03-26,456.0
2021-03-27,386.0
2021-03-28,321.0
2021-03-29,319.0
2021-03-30,332.0
2021-03-31,394.0
2021-04-01,469.0
2021-04-02,373.0
2021-04-03,303.0
2021-04-04,363.0
2021-04-05,355.0
2021-04-06,266.0
2021-04-07,305.0
2021-04-08,293.0
2021-04-09,266.0
2021-04-10,337.0
2021-04-11,302.0
2021-04-12,328.0
2021-04-13,356.0
2021-04-14,357.0
2021-04-15,422.0
2021-04-16,382.0
2021-04-17,360.0
2021-04-18,368.0
2021-04-19,348.0
2021-04-20,346.0
2021-04-21,324.0
2021-04-22,385.0
2021-04-23,399.0
2021-04-24,329.0
2021-04-25,286.0
2021-04-26,345.0
2021-04-27,354.0
2021-04-28,369.0
2021-04-29,408.0
2021-04-30,318.0
2021-05-01,457.0
2021-05-02,457.0
2021-05-03,369.0
2021-05-04,378.0
2021-05-05,397.0
2021-05-06,407.0
2021-05-07,474.0
2021-05-08,598.0
2021-05-09,563.0
2021-05-10,458.0
2021-05-11,492.0
2021-05-12,459.0
2021-05-13,421.0
2021-05-14,459.0
2021-05-15,453.0
2021-05-16,488.0
2021-05-17,384.0
2021-05-18,452.0
2021-05-19,481.0
2021-05-20,527.0
2021-05-21,636.0
2021-05-22,610.0
2021-05-23,536.0
2021-05-24,566.0
2021-05-25,430.0
2021-05-26,375.0
2021-05-27,427.0
2021-05-28,470.0
2021-05-29,454.0
2021-05-30,399.0
2021-05-31,369.0
2021-06-01,287.0
2021-06-02,421.0
2021-06-03,383.0
2021-06-04,424.0
2021-06-05,473.0
2021-06-06,459.0
2021-06-07,364.0
2021-06-08,370.0
2021-06-09,402.0
2021-06-10,391.0
2021-06-11,468.0
2021-06-12,489.0
2021-06-13,533.0
2021-06-14,442.0
2021-06-15,389.0
2021-06-16,389.0
2021-06-17,416.0
2021-06-18,623.0
2021-06-19,610.0
2021-06-20,519.0
2021-06-21,570.0
2021-06-22,485.0
2021-06-23,506.0
2021-06-24,470.0
2021-06-25,548.0
2021-06-26,580.0
2021-06-27,538.0
2021-06-28,698.0
2021-06-29,453.0
2021-06-30,482.0
2021-07-01,490.0
2021-07-02,493.0
2021-07-03,413.0
2021-07-04,554.0
2021-07-05,439.0
2021-07-06,409.0
2021-07-07,455.0
2021-07-08,461.0
2021-07-09,510.0
2021-07-10,467.0
2021-07-11,482.0
2021-07-12,473.0
2021-07-13,459.0
2021-07-14,459.0
2021-07-15,425.0
2021-07-16,610.0
2021-07-17,413.0
2021-07-18,475.0
2021-07-19,479.0
2021-07-20,470.0
2021-07-21,452.0
2021-07-22,463.0
2021-07-23,541.0
2021-07-24,410.0
2021-07-25,478.0
2021-07-26,458.0
2021-07-27,456.0
2021-07-28,490.0
2021-07-29,547.0
2021-07-30,798.0
2021-07-31,635.0
2021-08-01,567.0
2021-08-02,837.0
2021-08-03,534.0
2021-08-04,512.0
2021-08-05,475.0
2021-08-06,571.0
2021-08-07,470.0
2021-08-08,508.0
2021-08-09,493.0
2021-08-10,493.0
2021-08-11,481.0
2021-08-12,551.0
2021-08-13,551.0
2021-08-14,488.0
2021-08-15,425.0
2021-08-16,447.0
2021-08-17,466.0
2021-08-18,484.0
2021-08-19,550.0
2021-08-20,534.0
2021-08-21,452.0
2021-08-22,467.0
2021-08-23,447.0
2021-08-24,408.0
2021-08-25,477.0
2021-08-26,499.0
2021-08-27,532.0
2021-08-28,481.0
2021-08-29,425.0
2021-08-30,446.0
2021-08-31,491.0
2021-09-01,429.0
2021-09-02,494.0
2021-09-03,599.0
2021-09-04,493.0
2021-09-05,471.0
2021-09-06,569.0
2021-09-07,445.0
2021-09-08,416.0
2021-09-09,458.0
2021-09-10,397.0
2021-09-11,380.0
2021-09-12,352.0
2021-09-13,381.0
2021-09-14,454.0
2021-09-15,406.0
2021-09-16,448.0
2021-09-17,533.0
2021-09-18,422.0
2021-09-19,347.0
2021-09-20,398.0
2021-09-21,432.0
2021-09-22,440.0
2021-09-23,435.0
2021-09-24,452.0
2021-09-25,404.0
2021-09-26,427.0
2021-09-27,400.0
2021-09-28,463.0
2021-09-29,480.0
2021-09-30,472.0
2021-10-01,432.0
2021-10-02,450.0
2021-10-03,417.0
2021-10-04,382.0
2021-10-05,409.0
2021-10-06,374.0
2021-10-07,430.0
2021-10-08,400.0
2021-10-09,358.0
2021-10-10,289.0
2021-10-11,358.0
2021-10-12,320.0
2021-10-13,375.0
2021-10-14,363.0
2021-10-15,394.0
2021-10-16,319.0
2021-10-17,327.0
2021-10-18,323.0
2021-10-19,349.0
2021-10-20,365.0
2021-10-21,382.0
2021-10-22,427.0
2021-10-23,399.0
2021-10-24,349.0
2021-10-25,299.0
2021-10-26,297.0
2021-10-27,358.0
2021-10-28,303.0
2021-10-29,368.0
2021-10-30,338.0
2021-10-31,274.0
2021-11-01,276.0
2021-11-02,305.0
2021-11-03,324.0
2021-11-04,325.0
2021-11-05,349.0
2021-11-06,300.0
2021-11-07,239.0
2021-11-08,232.0
2021-11-09,258.0
2021-11-10,308.0
2021-11-11,318.0
2021-11-12,308.0
2021-11-13,236.0
2021-11-14,318.0
2021-11-15,252.0
2021-11-16,256.0
2021-11-17,251.0
2021-11-18,265.0
2021-11-19,291.0
2021-11-20,276.0
2021-11-21,266.0
2021-11-22,249.0
2021-11-23,254.0
2021-11-24,272.0
2021-11-25,284.0
2021-11-26,289.0
2021-11-27,254.0
2021-11-28,237.0
2021-11-29,233.0
2021-11-30,260.0
2021-12-01,276.0
2021-12-02,282.0
2021-12-03,301.0
2021-12-04,301.0
2021-12-05,248.0
2021-12-06,289.0
2021-12-07,273.0
2021-12-08,296.0
2021-12-09,324.0
2021-12-10,357.0
2021-12-11,280.0
2021-12-12,289.0
2021-12-13,290.0
2021-12-14,335.0
2021-12-15,331.0
2021-12-16,335.0
2021-12-17,408.0
2021-12-18,420.0
2021-12-19,305.0
2021-12-20,349.0
2021-12-21,336.0
2021-12-22,405.0
2021-12-23,342.0
2021-12-24,230.0
2021-12-25,103.0
2021-12-26,153.0
2021-12-27,247.0
2021-12-28,276.0
2021-12-29,300.0
2021-12-30,315.0
2021-12-31,226.0
2022-01-01,0.0
2022-01-01,136.0
2022-01-02,225.0
2022-01-03,252.0
2022-01-04,236.0
2022-01-05,231.0
2022-01-06,274.0
2022-01-07,255.0
2022-01-08,269.0
2022-01-09,213.0
2022-01-10,202.0
2022-01-11,292.0
2022-01-12,216.0
2022-01-13,232.0
2022-01-14,297.0
2022-01-15,211.0
2022-01-16,232.0
2022-01-17,206.0
2022-01-18,235.0
2022-01-19,209.0
2022-01-20,242.0
2022-01-21,278.0
2022-01-22,199.0
2022-01-23,207.0
2022-01-24,218.0
2022-01-25,229.0
2022-01-26,275.0
2022-01-27,345.0
2022-01-28,329.0
2022-01-29,323.0
2022-01-30,280.0
2022-01-31,298.0
2022-02-01,263.0
2022-02-02,283.0
2022-02-03,329.0
2022-02-04,343.0
2022-02-05,324.0
2022-02-06,322.0
2022-02-07,275.0
2022-02-08,342.0
2022-02-09,323.0
2022-02-10,411.0
2022-02-11,410.0
2022-02-12,279.0
2022-02-13,377.0
2022-02-14,349.0
2022-02-15,349.0
2022-02-16,382.0
2022-02-17,392.0
2022-02-18,449.0
2022-02-19,333.0
2022-02-20,357.0
2022-02-21,351.0
2022-02-22,372.0
2022-02-23,418.0
2022-02-24,429.0
2022-02-25,446.0
2022-02-26,401.0
2022-02-27,428.0
2022-02-28,342.0
2022-03-01,393.0
2022-03-02,432.0
2022-03-03,404.0
2022-03-04,536.0
2022-03-05,467.0
2022-03-06,519.0
2022-03-07,365.0
2022-03-08,426.0
2022-03-09,479.0
2022-03-10,481.0
2022-03-11,563.0
2022-03-12,504.0
2022-03-13,449.0
2022-03-14,408.0
2022-03-15,506.0
2022-03-16,434.0
2022-03-17,522.0
2022-03-18,536.0
2022-03-19,441.0
2022-03-20,509.0
2022-03-21,464.0
2022-03-22,428.0
2022-03-23,449.0
2022-03-24,464.0
2022-03-25,416.0
2022-03-26,383.0
2022-03-27,390.0
2022-03-28,390.0
2022-03-29,343.0
2022-03-30,361.0
2022-03-31,365.0
2022-04-01,313.0
2022-04-02,368.0
2022-04-03,310.0
2022-04-04,341.0
2022-04-05,346.0
2022-04-06,362.0
2022-04-07,361.0
2022-04-08,260.0
2022-04-09,276.0
2022-04-10,285.0
2022-04-11,290.0
2022-04-12,360.0
2022-04-13,432.0
2022-04-14,386.0
2022-04-15,236.0
2022-04-16,283.0
2022-04-17,383.0
2022-04-18,376.0
2022-04-19,324.0
2022-04-20,364.0
2022-04-21,396.0
2022-04-22,331.0
2022-04-23,353.0
2022-04-24,310.0
2022-04-25,314.0
2022-04-26,397.0
2022-04-27,383.0
2022-04-28,454.0
2022-04-29,390.0
2022-04-30,441.0
2022-05-01,394.0
2022-05-02,394.0
2022-05-03,328.0
2022-05-04,391.0
2022-05-05,402.0
2022-05-06,404.0
2022-05-07,281.0
2022-05-08,356.0
2022-05-09,302.0
2022-05-10,328.0
2022-05-11,384.0
2022-05-12,721.0
2022-05-13,435.0
2022-05-14,442.0
2022-05-15,379.0
2022-05-16,504.0
2022-05-17,421.0
2022-05-18,425.0
2022-05-19,450.0
2022-05-20,599.0
2022-05-21,439.0
2022-05-22,386.0
2022-05-23,505.0
2022-05-24,363.0
2022-05-25,410.0
2022-05-26,429.0
2022-05-27,540.0
2022-05-28,416.0
2022-05-29,451.0
2022-05-30,490.0
2022-05-31,458.0
2022-06-01,466.0
2022-06-02,517.0
2022-06-03,573.0
2022-06-04,577.0
2022-06-05,653.0
2022-06-06,616.0
2022-06-07,515.0
2022-06-08,524.0
2022-06-09,482.0
2022-06-10,566.0
2022-06-11,503.0
2022-06-12,452.0
2022-06-13,552.0
2022-06-14,601.0
2022-06-15,563.0
2022-06-16,633.0
2022-06-17,692.0
2022-06-18,597.0
2022-06-19,517.0
2022-06-20,524.0
2022-06-21,596.0
2022-06-22,594.0
2022-06-23,574.0
2022-06-24,685.0
2022-06-25,606.0
2022-06-26,561.0
2022-06-27,617.0
2022-06-28,560.0
2022-06-29,651.0
2022-06-30,745.0
2022-07-01,621.0
2022-07-02,551.0
2022-07-03,529.0
2022-07-04,460.0
2022-07-05,508.0
2022-07-06,456.0
2022-07-07,488.0
2022-07-08,486.0
2022-07-09,492.0
2022-07-10,474.0
2022-07-11,451.0
2022-07-12,508.0
2022-07-13,571.0
2022-07-14,568.0
2022-07-15,602.0
2022-07-16,468.0
2022-07-17,468.0
2022-07-18,495.0
2022-07-19,471.0
2022-07-20,466.0
2022-07-21,491.0
2022-07-22,630.0
2022-07-23,516.0
2022-07-24,480.0
2022-07-25,493.0
2022-07-26,477.0
2022-07-27,583.0
2022-07-28,569.0
2022-07-29,662.0
2022-07-30,569.0
2022-07-31,601.0
2022-08-01,672.0
2022-08-02,574.0
2022-08-03,538.0
2022-08-04,481.0
2022-08-05,627.0
2022-08-06,475.0
2022-08-07,476.0
2022-08-08,466.0
2022-08-09,486.0
2022-08-10,422.0
2022-08-11,443.0
2022-08-12,548.0
2022-08-13,516.0
2022-08-14,524.0
2022-08-15,557.0
2022-08-16,484.0
2022-08-17,538.0
2022-08-18,597.0
2022-08-19,576.0
2022-08-20,508.0
2022-08-21,585.0
2022-08-22,532.0
2022-08-23,516.0
2022-08-24,510.0
2022-08-25,552.0
2022-08-26,565.0
2022-08-27,521.0
2022-08-28,485.0
2022-08-29,557.0
2022-08-30,496.0
2022-08-31,587.0
2022-09-01,545.0
2022-09-02,742.0
2022-09-03,619.0
2022-09-04,567.0
2022-09-05,769.0
2022-09-06,469.0
2022-09-07,424.0
2022-09-08,463.0
2022-09-09,445.0
2022-09-10,405.0
2022-09-11,364.0
2022-09-12,372.0
2022-09-13,391.0
2022-09-14,428.0
2022-09-15,416.0
2022-09-16,469.0
2022-09-17,408.0
2022-09-18,440.0
2022-09-19,439.0
2022-09-20,435.0
2022-09-21,433.0
2022-09-22,452.0
2022-09-23,473.0
2022-09-24,411.0
2022-09-25,480.0
2022-09-26,369.0
2022-09-27,410.0
2022-09-28,443.0
2022-09-29,528.0
2022-09-30,493.0
2022-10-01,371.0
2022-10-02,466.0
2022-10-03,436.0
2022-10-04,424.0
2022-10-05,409.0
2022-10-06,524.0
2022-10-07,527.0
2022-10-08,406.0
2022-10-09,338.0
2022-10-10,424.0
2022-10-11,366.0
2022-10-12,374.0
2022-10-13,403.0
2022-10-14,395.0
2022-10-15,371.0
2022-10-16,344.0
2022-10-17,361.0
2022-10-18,432.0
2022-10-19,373.0
2022-10-20,367.0
2022-10-21,430.0
2022-10-22,318.0
2022-10-23,368.0
2022-10-24,316.0
2022-10-25,319.0
2022-10-26,336.0
2022-10-27,348.0
2022-10-28,440.0
2022-10-29,315.0
2022-10-30,272.0
2022-10-31,299.0
2022-11-01,295.0
2022-11-02,295.0
2022-11-03,319.0
2022-11-04,343.0
2022-11-05,269.0
2022-11-06,247.0
2022-11-07,263.0
2022-11-08,299.0
2022-11-09,340.0
2022-11-10,361.0
2022-11-11,348.0
2022-11-12,236.0
2022-11-13,327.0
2022-11-14,297.0
2022-11-15,331.0
2022-11-16,348.0
2022-11-17,306.0
2022-11-18,371.0
2022-11-19,265.0
2022-11-20,297.0
2022-11-21,323.0
2022-11-22,275.0
2022-11-23,346.0
2022-11-24,311.0
2022-11-25,360.0
2022-11-26,287.0
2022-11-27,261.0
2022-11-28,305.0
2022-11-29,330.0
2022-11-30,348.0
2022-12-01,329.0
2022-12-02,391.0
2022-12-03,265.0
2022-12-04,304.0
2022-12-05,298.0
2022-12-06,276.0
2022-12-07,307.0
2022-12-08,331.0
2022-12-09,366.0
2022-12-10,299.0
2022-12-11,319.0
2022-12-12,289.0
2022-12-13,327.0
2022-12-14,347.0
2022-12-15,373.0
2022-12-16,438.0
2022-12-17,360.0
2022-12-18,324.0
2022-12-19,389.0
2022-12-20,330.0
2022-12-21,369.0
2022-12-22,354.0
2022-12-23,336.0
2022-12-24,258.0
2022-12-25,121.0
2022-12-26,228.0
2022-12-27,301.0
2022-12-28,343.0
2022-12-29,328.0
2022-12-30,351.0
2022-12-31,229.0
2023-01-01,0.0
2023-01-01,177.0
2023-01-02,319.0
2023-01-03,313.0
2023-01-04,342.0
2023-01-05,319.0
2023-01-06,317.0
2023-01-07,258.0
2023-01-08,263.0
2023-01-09,290.0
2023-01-10,328.0
2023-01-11,295.0
2023-01-12,304.0
2023-01-13,378.0
2023-01-14,250.0
2023-01-15,288.0
2023-01-16,308.0
2023-01-17,312.0
2023-01-18,315.0
2023-01-19,301.0
2023-01-20,338.0
2023-01-21,241.0
2023-01-22,240.0
2023-01-23,276.0
2023-01-24,306.0
2023-01-25,266.0
2023-01-26,308.0
2023-01-27,360.0
2023-01-28,249.0
2023-01-29,248.0
2023-01-30,309.0
2023-01-31,302.0
2023-02-01,283.0
2023-02-02,290.0
2023-02-03,301.0
2023-02-04,340.0
2023-02-05,344.0
2023-02-06,365.0
2023-02-07,328.0
2023-02-08,338.0
2023-02-09,352.0
2023-02-10,347.0
2023-02-11,308.0
2023-02-12,322.0
2023-02-13,304.0
2023-02-14,326.0
2023-02-15,353.0
2023-02-16,353.0
2023-02-17,384.0
2023-02-18,320.0
2023-02-19,341.0
2023-02-20,343.0
2023-02-21,317.0
2023-02-22,382.0
2023-02-23,393.0
2023-02-24,443.0
2023-02-25,386.0
2023-02-26,376.0
2023-02-27,407.0
2023-02-28,376.0
2023-03-01,337.0
2023-03-02,365.0
2023-03-03,394.0
2023-03-04,288.0
2023-03-05,492.0
2023-03-06,369.0
2023-03-07,337.0
2023-03-08,421.0
2023-03-09,483.0
2023-03-10,487.0
2023-03-11,365.0
2023-03-12,426.0
2023-03-13,388.0
2023-03-14,398.0
2023-03-15,493.0
2023-03-16,447.0
2023-03-17,537.0
2023-03-18,445.0
2023-03-19,459.0
2023-03-20,449.0
2023-03-21,507.0
2023-03-22,432.0
2023-03-23,425.0
2023-03-24,420.0
2023-03-25,367.0
2023-03-26,388.0
2023-03-27,428.0
2023-03-28,411.0
2023-03-29,376.0
2023-03-30,390.0
2023-03-31,397.0
2023-04-01,291.0
2023-04-02,330.0
2023-04-03,302.0
2023-04-04,277.0
2023-04-05,366.0
2023-04-06,472.0
2023-04-07,386.0
2023-04-08,297.0
2023-04-09,310.0
2023-04-10,452.0
2023-04-11,367.0
2023-04-12,339.0
2023-04-13,321.0
2023-04-14,356.0
2023-04-15,296.0
2023-04-16,304.0
2023-04-17,282.0
2023-04-18,263.0
2023-04-19,317.0
2023-04-20,323.0
2023-04-21,335.0
2023-04-22,313.0
2023-04-23,318.0
2023-04-24,326.0
2023-04-25,309.0
2023-04-26,398.0
2023-04-27,439.0
2023-04-28,496.0
2023-04-29,368.0
2023-04-30,439.0
2023-05-01,451.0
2023-05-02,385.0
2023-05-03,375.0
2023-05-04,401.0
2023-05-05,465.0
2023-05-06,382.0
2023-05-07,380.0
2023-05-08,364.0
2023-05-09,397.0
2023-05-10,411.0
2023-05-11,436.0
2023-05-12,451.0
2023-05-13,364.0
2023-05-14,411.0
2023-05-15,911.0
2023-05-16,452.0
2023-05-17,442.0
2023-05-18,471.0
2023-05-19,496.0
2023-05-20,430.0
2023-05-21,385.0
2023-05-22,470.0
2023-05-23,390.0
2023-05-24,514.0
2023-05-25,629.0
2023-05-26,562.0
2023-05-27,499.0
2023-05-28,522.0
2023-05-29,463.0
2023-05-30,437.0
2023-05-31,497.0
2023-06-01,593.0
2023-06-02,684.0
2023-06-03,521.0
2023-06-04,487.0
2023-06-05,536.0
2023-06-06,514.0
2023-06-07,552.0
2023-06-08,660.0
2023-06-09,590.0
2023-06-10,456.0
2023-06-11,435.0
2023-06-12,525.0
2023-06-13,600.0
2023-06-14,574.0
2023-06-15,550.0
2023-06-16,574.0
2023-06-17,459.0
2023-06-18,423.0
2023-06-19,491.0
2023-06-20,548.0
2023-06-21,536.0
2023-06-22,641.0
2023-06-23,620.0
2023-06-24,462.0
2023-06-25,477.0
2023-06-26,462.0
2023-06-27,510.0
2023-06-28,594.0
2023-06-29,612.0
2023-06-30,714.0
2023-07-01,495.0
2023-07-02,414.0
2023-07-03,567.0
2023-07-04,483.0
2023-07-05,457.0
2023-07-06,505.0
2023-07-07,535.0
2023-07-08,452.0
2023-07-09,456.0
2023-07-10,477.0
2023-07-11,489.0
2023-07-12,482.0
2023-07-13,576.0
2023-07-14,572.0
2023-07-15,432.0
2023-07-16,456.0
2023-07-17,596.0
2023-07-18,481.0
2023-07-19,429.0
2023-07-20,552.0
2023-07-21,571.0
2023-07-22,434.0
2023-07-23,433.0
2023-07-24,428.0
2023-07-25,379.0
2023-07-26,476.0
2023-07-27,453.0
2023-07-28,484.0
2023-07-29,434.0
2023-07-30,358.0
2023-07-31,470.0
2023-08-01,485.0
2023-08-02,523.0
2023-08-03,555.0
2023-08-04,606.0
2023-08-05,458.0
2023-08-06,486.0
2023-08-07,529.0
2023-08-08,512.0
2023-08-09,493.0
2023-08-10,537.0
2023-08-11,584.0
2023-08-12,469.0
2023-08-13,524.0
2023-08-14,288.0
2023-08-15,308.0
2023-08-16,1591.0
2023-08-17,3826.0
2023-08-18,924.0
2023-08-19,406.0
2023-08-20,387.0
2023-08-21,309.0
2023-08-22,318.0
2023-08-23,310.0
2023-08-24,291.0
2023-08-25,323.0
2023-08-26,369.0
2023-08-27,308.0
2023-08-28,260.0
2023-08-29,264.0
2023-08-30,307.0
2023-08-31,384.0
2023-09-01,264.0
2023-09-02,228.0
2023-09-03,259.0
2023-09-04,607.0
2023-09-05,601.0
2023-09-06,801.0
2023-09-07,972.0
2023-09-08,1221.0
2023-09-09,1245.0
2023-09-10,871.0
2023-09-11,628.0
2023-09-12,529.0
2023-09-13,505.0
2023-09-14,446.0
2023-09-15,428.0
2023-09-16,349.0
2023-09-17,340.0
2023-09-18,381.0
2023-09-19,400.0
2023-09-20,413.0
2023-09-21,397.0
2023-09-22,424.0
2023-09-23,363.0
2023-09-24,331.0
2023-09-25,327.0
2023-09-26,352.0
2023-09-27,450.0
2023-09-28,450.0
2023-09-29,491.0
2023-09-30,406.0
2023-10-01,369.0
2023-10-02,412.0
2023-10-03,377.0
2023-10-04,424.0
2023-10-05,416.0
2023-10-06,473.0
2023-10-07,382.0
2023-10-08,333.0
2023-10-09,378.0
2023-10-10,356.0
2023-10-11,367.0
2023-10-12,371.0
2023-10-13,412.0
2023-10-14,333.0
2023-10-15,319.0
2023-10-16,372.0
2023-10-17,346.0
2023-10-18,382.0
2023-10-19,402.0
2023-10-20,406.0
2023-10-21,343.0
2023-10-22,331.0
2023-10-23,401.0
2023-10-24,369.0
2023-10-25,362.0
2023-10-26,394.0
2023-10-27,431.0
2023-10-28,400.0
2023-10-29,314.0
2023-10-30,321.0
2023-10-31,305.0
2023-11-01,320.0
2023-11-02,337.0
2023-11-03,335.0
2023-11-04,294.0
2023-11-05,309.0
2023-11-06,310.0
2023-11-07,330.0
2023-11-08,351.0
2023-11-09,344.0
2023-11-10,393.0
2023-11-11,258.0
2023-11-12,208.0
2023-11-13,319.0
2023-11-14,325.0
2023-11-15,327.0
2023-11-16,297.0
2023-11-17,387.0
2023-11-18,253.0
2023-11-19,309.0
2023-11-20,303.0
2023-11-21,343.0
2023-11-22,278.0
2023-11-23,347.0
2023-11-24,387.0
2023-11-25,251.0
2023-11-26,291.0
2023-11-27,301.0
2023-11-28,357.0
2023-11-29,334.0
2023-11-30,360.0
2023-12-01,385.0
2023-12-02,239.0
2023-12-03,302.0
2023-12-04,272.0
2023-12-05,292.0
2023-12-06,335.0
2023-12-07,367.0
2023-12-08,328.0
2023-12-09,235.0
2023-12-10,221.0
2023-12-11,333.0
2023-12-12,301.0
2023-12-13,333.0
2023-12-14,355.0
2023-12-15,310.0
2023-12-16,300.0
2023-12-17,325.0
2023-12-18,355.0
2023-12-19,369.0
2023-12-20,447.0
2023-12-21,473.0
2023-12-22,429.0
2023-12-23,333.0
2023-12-24,215.0
2023-12-25,142.0
2023-12-26,214.0
2023-12-27,350.0
2023-12-28,387.0
2023-12-29,348.0
2023-12-30,290.0
2023-12-31,211.0
2024-01-01,0.0
